axis_consistency_1s,capture,context_bytes,dataset_id,episode_id,expected_pickup_from_rest,final_quality_flags,final_state,gyro_mean_1s_rads,label,manifest,pickup_event_boundary_pass,pickup_event_count,sample_count,seen_active_unknown,seen_carried_candidate,seen_rolling_candidate,seen_stationary,seen_unknown_quality,transition_count,vertical_impulse_mps
0.774,experiments/research_ball_r1_pickup_precision_1a/raw/field-pickup-precision-1a-20260904-183730-handling-r04.jsonl,6232,research-ball-r1-pickup-precision-1a-20260904,handling-rotate-r04,False,8,UNKNOWN_QUALITY,3.186,handling,experiments/research_ball_r1_pickup_precision_1a/manifest.json,True,0,551,True,False,False,True,True,6,0.09
0.874,experiments/research_ball_r1_pickup_precision_1a/raw/field-pickup-precision-1a-20260904-183730-handling-r05.jsonl,6232,research-ball-r1-pickup-precision-1a-20260904,handling-rotate-r05,False,0,STATIONARY,2.162,handling,experiments/research_ball_r1_pickup_precision_1a/manifest.json,True,0,551,True,False,False,True,False,4,0.138
0.688,experiments/research_ball_r1_pickup_precision_1a/raw/field-pickup-precision-1a-20260904-183730-handling-r06.jsonl,6232,research-ball-r1-pickup-precision-1a-20260904,handling-rotate-r06,False,0,STATIONARY,4.235,handling,experiments/research_ball_r1_pickup_precision_1a/manifest.json,True,0,550,True,False,False,True,False,4,0.089
0.972,experiments/research_ball_r1_pickup_precision_1a/raw/field-pickup-precision-1a-20260904-183730-handling-r07.jsonl,6232,research-ball-r1-pickup-precision-1a-20260904,handling-slide-r07,False,0,STATIONARY,7.035,handling,experiments/research_ball_r1_pickup_precision_1a/manifest.json,True,0,550,True,False,False,True,False,4,0.27
0.635,experiments/research_ball_r1_pickup_precision_1a/raw/field-pickup-precision-1a-20260904-183730-handling-r08.jsonl,6232,research-ball-r1-pickup-precision-1a-20260904,handling-slide-r08,False,0,STATIONARY,2.881,handling,experiments/research_ball_r1_pickup_precision_1a/manifest.json,True,0,551,True,False,False,True,False,4,0.134
0.885,experiments/research_ball_r1_pickup_precision_1a/raw/field-pickup-precision-1a-20260904-183730-handling-r09.jsonl,6232,research-ball-r1-pickup-precision-1a-20260904,handling-slide-r09,False,0,STATIONARY,3.433,handling,experiments/research_ball_r1_pickup_precision_1a/manifest.json,True,0,550,True,False,False,True,False,4,0.027
0.97,experiments/research_ball_r1_pickup_precision_1a/raw/field-pickup-precision-1a-20260904-183730-handling-r10.jsonl,6232,research-ball-r1-pickup-precision-1a-20260904,handling-slide-r10,False,0,STATIONARY,7.716,handling,experiments/research_ball_r1_pickup_precision_1a/manifest.json,True,0,551,True,False,False,True,False,4,0.158
0.415,experiments/research_ball_r1_pickup_precision_1a/raw/field-pickup-precision-1a-20260904-183730-handling-r01.jsonl,6232,research-ball-r1-pickup-precision-1a-20260904,handling-touch-r01,False,0,STATIONARY,1.394,handling,experiments/research_ball_r1_pickup_precision_1a/manifest.json,True,0,550,True,False,False,True,False,4,0.093
0.398,experiments/research_ball_r1_pickup_precision_1a/raw/field-pickup-precision-1a-20260904-183730-handling-r02.jsonl,6232,research-ball-r1-pickup-precision-1a-20260904,handling-touch-r02,False,0,ACTIVE_UNKNOWN,2.532,handling,experiments/research_ball_r1_pickup_precision_1a/manifest.json,True,0,550,True,False,False,True,False,3,0.09
0.505,experiments/research_ball_r1_pickup_precision_1a/raw/field-pickup-precision-1a-20260904-183730-handling-r03.jsonl,6232,research-ball-r1-pickup-precision-1a-20260904,handling-touch-r03,False,0,STATIONARY,3.548,handling,experiments/research_ball_r1_pickup_precision_1a/manifest.json,True,0,551,True,False,False,True,False,4,0.086
0.993,experiments/research_ball_r1_pickup_precision_1b/raw/field-pickup-precision-1b-20260904-rolling_pickup-r09.jsonl,6232,research-ball-r1-pickup-precision-1b-20260904,rolling-pickup-near-stop-r09,False,0,STATIONARY,16.735,rolling_pickup,experiments/research_ball_r1_pickup_precision_1b/manifest.json,True,0,751,True,False,True,True,False,5,0.111
0.98,experiments/research_ball_r1_pickup_precision_1b/raw/field-pickup-precision-1b-20260904-rolling_pickup-r10.jsonl,6232,research-ball-r1-pickup-precision-1b-20260904,rolling-pickup-near-stop-r10,False,0,STATIONARY,15.182,rolling_pickup,experiments/research_ball_r1_pickup_precision_1b/manifest.json,True,0,750,True,False,True,True,False,5,0.629
0.983,experiments/research_ball_r1_pickup_precision_1b/raw/field-pickup-precision-1b-20260904-rolling_pickup-r06.jsonl,6232,research-ball-r1-pickup-precision-1b-20260904,rolling-pickup-normal-r06,False,0,ACTIVE_UNKNOWN,16.712,rolling_pickup,experiments/research_ball_r1_pickup_precision_1b/manifest.json,True,0,750,True,False,True,True,False,4,0.757
0.997,experiments/research_ball_r1_pickup_precision_1b/raw/field-pickup-precision-1b-20260904-rolling_pickup-r07.jsonl,6232,research-ball-r1-pickup-precision-1b-20260904,rolling-pickup-normal-r07,False,0,STATIONARY,32.099,rolling_pickup,experiments/research_ball_r1_pickup_precision_1b/manifest.json,True,0,750,True,False,True,True,False,5,0.495
0.983,experiments/research_ball_r1_pickup_precision_1b/raw/field-pickup-precision-1b-20260904-rolling_pickup-r08.jsonl,6232,research-ball-r1-pickup-precision-1b-20260904,rolling-pickup-normal-r08,False,0,STATIONARY,22.625,rolling_pickup,experiments/research_ball_r1_pickup_precision_1b/manifest.json,True,0,751,True,False,True,True,False,5,0.628
0.997,experiments/research_ball_r1_pickup_precision_1b/raw/field-pickup-precision-1b-20260904-rolling_pickup-r03.jsonl,6232,research-ball-r1-pickup-precision-1b-20260904,rolling-pickup-slow-r03,False,0,STATIONARY,20.514,rolling_pickup,experiments/research_ball_r1_pickup_precision_1b/manifest.json,True,0,751,True,False,True,True,False,5,0.499
0.985,experiments/research_ball_r1_pickup_precision_1b/raw/field-pickup-precision-1b-20260904-rolling_pickup-r04.jsonl,6232,research-ball-r1-pickup-precision-1b-20260904,rolling-pickup-slow-r04,False,0,STATIONARY,24.49,rolling_pickup,experiments/research_ball_r1_pickup_precision_1b/manifest.json,True,0,750,True,False,True,True,False,5,0.638
0.978,experiments/research_ball_r1_pickup_precision_1b/raw/field-pickup-precision-1b-20260904-rolling_pickup-r05.jsonl,6232,research-ball-r1-pickup-precision-1b-20260904,rolling-pickup-slow-r05,False,0,STATIONARY,26.318,rolling_pickup,experiments/research_ball_r1_pickup_precision_1b/manifest.json,True,0,750,True,False,True,True,False,5,0.713
0.987,experiments/research_ball_r1_pickup_precision_1b/raw/field-pickup-precision-1b-20260904-rolling_pickup-r01.jsonl,6232,research-ball-r1-pickup-precision-1b-20260904,rolling-pickup-stress-r01,False,0,STATIONARY,26.909,rolling_pickup,experiments/research_ball_r1_pickup_precision_1b/manifest.json,True,0,751,True,False,True,True,False,5,1.122
0.949,experiments/research_ball_r1_pickup_precision_1b/raw/field-pickup-precision-1b-20260904-rolling_pickup-r02.jsonl,6232,research-ball-r1-pickup-precision-1b-20260904,rolling-pickup-stress-r02,False,0,STATIONARY,43.699,rolling_pickup,experiments/research_ball_r1_pickup_precision_1b/manifest.json,True,0,751,True,False,True,True,False,5,2.168
0.442,experiments/research_ball_r1_pickup_precision_1c/raw/field-pickup-precision-1c-20260904-pickup_carry-r08.jsonl,6232,research-ball-r1-pickup-precision-1c-20260904,pickup-carry-fast-r08,True,0,STATIONARY,2.763,pickup_carry,experiments/research_ball_r1_pickup_precision_1c/manifest.json,True,1,751,False,True,False,True,False,4,0.566
0.339,experiments/research_ball_r1_pickup_precision_1c/raw/field-pickup-precision-1c-20260904-pickup_carry-r09.jsonl,6232,research-ball-r1-pickup-precision-1c-20260904,pickup-carry-fast-r09,True,0,STATIONARY,2.663,pickup_carry,experiments/research_ball_r1_pickup_precision_1c/manifest.json,True,1,750,False,True,False,True,False,4,1.004
0.545,experiments/research_ball_r1_pickup_precision_1c/raw/field-pickup-precision-1c-20260904-pickup_carry-r10.jsonl,6232,research-ball-r1-pickup-precision-1c-20260904,pickup-carry-fast-r10,True,0,STATIONARY,2.245,pickup_carry,experiments/research_ball_r1_pickup_precision_1c/manifest.json,True,1,750,False,True,False,True,False,4,0.849
0.48,experiments/research_ball_r1_pickup_precision_1c/raw/field-pickup-precision-1c-20260904-pickup_carry-r01.jsonl,6232,research-ball-r1-pickup-precision-1c-20260904,pickup-carry-normal-r01,True,0,STATIONARY,3.422,pickup_carry,experiments/research_ball_r1_pickup_precision_1c/manifest.json,True,1,750,False,True,False,True,False,4,1.285
0.241,experiments/research_ball_r1_pickup_precision_1c/raw/field-pickup-precision-1c-20260904-pickup_carry-r02.jsonl,6232,research-ball-r1-pickup-precision-1c-20260904,pickup-carry-normal-r02,True,0,CARRIED_CANDIDATE,2.114,pickup_carry,experiments/research_ball_r1_pickup_precision_1c/manifest.json,True,1,750,False,True,False,True,False,3,1.625
0.448,experiments/research_ball_r1_pickup_precision_1c/raw/field-pickup-precision-1c-20260904-pickup_carry-r03.jsonl,6232,research-ball-r1-pickup-precision-1c-20260904,pickup-carry-normal-r03,True,0,STATIONARY,2.59,pickup_carry,experiments/research_ball_r1_pickup_precision_1c/manifest.json,True,1,750,False,True,False,True,False,4,2.025
0.535,experiments/research_ball_r1_pickup_precision_1c/raw/field-pickup-precision-1c-20260904-pickup_carry-r04.jsonl,6232,research-ball-r1-pickup-precision-1c-20260904,pickup-carry-normal-r04,True,0,STATIONARY,1.814,pickup_carry,experiments/research_ball_r1_pickup_precision_1c/manifest.json,True,1,750,False,True,False,True,False,4,0.61
0.528,experiments/research_ball_r1_pickup_precision_1c/raw/field-pickup-precision-1c-20260904-pickup_carry-r05.jsonl,6232,research-ball-r1-pickup-precision-1c-20260904,pickup-carry-slow-r05,True,0,STATIONARY,3.18,pickup_carry,experiments/research_ball_r1_pickup_precision_1c/manifest.json,True,1,750,False,True,False,True,False,4,1.785
0.391,experiments/research_ball_r1_pickup_precision_1c/raw/field-pickup-precision-1c-20260904-pickup_carry-r06.jsonl,6232,research-ball-r1-pickup-precision-1c-20260904,pickup-carry-slow-r06,True,0,STATIONARY,2.339,pickup_carry,experiments/research_ball_r1_pickup_precision_1c/manifest.json,True,1,750,False,True,False,True,False,4,1.819
0.545,experiments/research_ball_r1_pickup_precision_1c/raw/field-pickup-precision-1c-20260904-pickup_carry-r07.jsonl,6232,research-ball-r1-pickup-precision-1c-20260904,pickup-carry-slow-r07,True,0,STATIONARY,3.218,pickup_carry,experiments/research_ball_r1_pickup_precision_1c/manifest.json,True,1,750,False,True,False,True,False,4,0.915
0.358,experiments/research_ball_r1_pickup_precision_1c_drop/raw/field-pickup-precision-1c-drop-20260904-pickup_drop-r01.jsonl,6232,research-ball-r1-pickup-precision-1c-drop-20260904,pickup-drop-r01,True,0,STATIONARY,3.857,pickup_drop,experiments/research_ball_r1_pickup_precision_1c_drop/manifest.json,True,1,751,False,True,False,True,False,4,2.084
0.481,experiments/research_ball_r1_pickup_precision_1c_drop/raw/field-pickup-precision-1c-drop-20260904-b-pickup_drop-r01.jsonl,6232,research-ball-r1-pickup-precision-1c-drop-20260904,pickup-drop-r02,True,0,STATIONARY,3.874,pickup_drop,experiments/research_ball_r1_pickup_precision_1c_drop/manifest.json,True,1,750,False,True,False,True,False,4,0.608
0.325,experiments/research_ball_r1_pickup_precision_1c_drop/raw/field-pickup-precision-1c-drop-20260904-b-pickup_drop-r02.jsonl,6232,research-ball-r1-pickup-precision-1c-drop-20260904,pickup-drop-r03,True,0,STATIONARY,2.385,pickup_drop,experiments/research_ball_r1_pickup_precision_1c_drop/manifest.json,True,1,750,False,True,False,True,False,4,1.36
0.593,experiments/research_ball_r1_pickup_precision_1c_drop/raw/field-pickup-precision-1c-drop-20260904-b-pickup_drop-r03.jsonl,6232,research-ball-r1-pickup-precision-1c-drop-20260904,pickup-drop-r04,True,0,STATIONARY,3.945,pickup_drop,experiments/research_ball_r1_pickup_precision_1c_drop/manifest.json,True,1,750,False,True,False,True,False,4,1.485
0.457,experiments/research_ball_r1_pickup_precision_1c_drop/raw/field-pickup-precision-1c-drop-20260904-b-pickup_drop-r04.jsonl,6232,research-ball-r1-pickup-precision-1c-drop-20260904,pickup-drop-r05,True,0,STATIONARY,2.272,pickup_drop,experiments/research_ball_r1_pickup_precision_1c_drop/manifest.json,True,1,750,False,True,False,True,False,4,1.987
0.479,experiments/research_ball_r1_pickup_precision_1c_drop/raw/field-pickup-precision-1c-drop-20260904-b-pickup_drop-r05.jsonl,6232,research-ball-r1-pickup-precision-1c-drop-20260904,pickup-drop-r06,True,0,CARRIED_CANDIDATE,2.415,pickup_drop,experiments/research_ball_r1_pickup_precision_1c_drop/manifest.json,True,1,751,False,True,False,True,False,3,0.766
0.745,experiments/research_ball_r1_pickup_precision_1c_drop/raw/field-pickup-precision-1c-drop-20260904-b-pickup_drop-r06.jsonl,6232,research-ball-r1-pickup-precision-1c-drop-20260904,pickup-drop-r07,True,0,STATIONARY,1.909,pickup_drop,experiments/research_ball_r1_pickup_precision_1c_drop/manifest.json,True,1,750,False,True,False,True,False,4,1.913
0.498,experiments/research_ball_r1_pickup_precision_1c_drop/raw/field-pickup-precision-1c-drop-20260904-b-pickup_drop-r07.jsonl,6232,research-ball-r1-pickup-precision-1c-drop-20260904,pickup-drop-r08,True,0,STATIONARY,2.154,pickup_drop,experiments/research_ball_r1_pickup_precision_1c_drop/manifest.json,True,1,751,False,True,False,True,False,4,1.954
0.48,experiments/research_ball_r1_pickup_precision_1c_drop/raw/field-pickup-precision-1c-drop-20260904-b-pickup_drop-r08.jsonl,6232,research-ball-r1-pickup-precision-1c-drop-20260904,pickup-drop-r09,True,0,STATIONARY,3.322,pickup_drop,experiments/research_ball_r1_pickup_precision_1c_drop/manifest.json,True,1,750,False,True,False,True,False,4,2.202
0.726,experiments/research_ball_r1_pickup_precision_1c_drop/raw/field-pickup-precision-1c-drop-20260904-b-pickup_drop-r09.jsonl,6232,research-ball-r1-pickup-precision-1c-drop-20260904,pickup-drop-r10,True,0,STATIONARY,3.187,pickup_drop,experiments/research_ball_r1_pickup_precision_1c_drop/manifest.json,True,1,750,False,True,False,True,False,4,1.728
0.974,experiments/research_ball_r1_pickup_precision_1d_gentle/raw/field-pickup-precision-1d-gentle-20260904-putt_gentle-r04.jsonl,6232,research-ball-r1-pickup-precision-1d-gentle-20260904,putt-gentle-light-r04,False,0,STATIONARY,34.189,putt_gentle,experiments/research_ball_r1_pickup_precision_1d_gentle/manifest.json,True,0,750,True,False,True,True,False,5,1.687
0.984,experiments/research_ball_r1_pickup_precision_1d_gentle/raw/field-pickup-precision-1d-gentle-20260904-putt_gentle-r06.jsonl,6232,research-ball-r1-pickup-precision-1d-gentle-20260904,putt-gentle-light-r06,False,0,STATIONARY,23.298,putt_gentle,experiments/research_ball_r1_pickup_precision_1d_gentle/manifest.json,True,0,751,True,False,True,True,False,5,0.86
0.996,experiments/research_ball_r1_pickup_precision_1d_gentle/raw/field-pickup-precision-1d-gentle-20260904-putt_gentle-r07.jsonl,6232,research-ball-r1-pickup-precision-1d-gentle-20260904,putt-gentle-light-r07,False,0,STATIONARY,31.982,putt_gentle,experiments/research_ball_r1_pickup_precision_1d_gentle/manifest.json,True,0,750,True,False,True,True,False,5,0.696
0.978,experiments/research_ball_r1_pickup_precision_1d_gentle/raw/field-pickup-precision-1d-gentle-20260904-putt_gentle-r05.jsonl,6232,research-ball-r1-pickup-precision-1d-gentle-20260904,putt-gentle-plus-obstacle-r05,False,0,STATIONARY,32.756,putt_gentle,experiments/research_ball_r1_pickup_precision_1d_gentle/manifest.json,True,0,750,True,False,True,True,False,5,1.443
0.99,experiments/research_ball_r1_pickup_precision_1d_gentle/raw/field-pickup-precision-1d-gentle-replacement-20260904-putt_gentle-r01.jsonl,6232,research-ball-r1-pickup-precision-1d-gentle-20260904,putt-gentle-r05-replacement,False,0,STATIONARY,39.849,putt_gentle,experiments/research_ball_r1_pickup_precision_1d_gentle/manifest.json,True,0,750,True,False,True,True,False,5,1.566
0.976,experiments/research_ball_r1_pickup_precision_1d_gentle/raw/field-pickup-precision-1d-gentle-20260904-putt_gentle-r08.jsonl,6232,research-ball-r1-pickup-precision-1d-gentle-20260904,putt-gentle-varied-r08,False,0,STATIONARY,30.582,putt_gentle,experiments/research_ball_r1_pickup_precision_1d_gentle/manifest.json,True,0,750,True,False,True,True,False,5,1.552
0.994,experiments/research_ball_r1_pickup_precision_1d_gentle/raw/field-pickup-precision-1d-gentle-20260904-putt_gentle-r09.jsonl,6232,research-ball-r1-pickup-precision-1d-gentle-20260904,putt-gentle-varied-r09,False,0,STATIONARY,31.796,putt_gentle,experiments/research_ball_r1_pickup_precision_1d_gentle/manifest.json,True,0,751,True,False,True,True,False,5,0.853
0.994,experiments/research_ball_r1_pickup_precision_1d_gentle/raw/field-pickup-precision-1d-gentle-20260904-putt_gentle-r10.jsonl,6232,research-ball-r1-pickup-precision-1d-gentle-20260904,putt-gentle-varied-r10,False,0,STATIONARY,43.43,putt_gentle,experiments/research_ball_r1_pickup_precision_1d_gentle/manifest.json,True,0,750,True,False,True,True,False,5,2.2
0.999,experiments/research_ball_r1_pickup_precision_1d_gentle/raw/field-pickup-precision-1d-gentle-20260904-putt_gentle-r01.jsonl,6232,research-ball-r1-pickup-precision-1d-gentle-20260904,putt-gentle-very-light-r01,False,0,STATIONARY,28.519,putt_gentle,experiments/research_ball_r1_pickup_precision_1d_gentle/manifest.json,True,0,750,True,False,True,True,False,5,0.746
0.987,experiments/research_ball_r1_pickup_precision_1d_gentle/raw/field-pickup-precision-1d-gentle-20260904-putt_gentle-r02.jsonl,6232,research-ball-r1-pickup-precision-1d-gentle-20260904,putt-gentle-very-light-r02,False,0,STATIONARY,31.131,putt_gentle,experiments/research_ball_r1_pickup_precision_1d_gentle/manifest.json,True,0,750,True,False,True,True,False,5,1.918
0.97,experiments/research_ball_r1_pickup_precision_1d_gentle/raw/field-pickup-precision-1d-gentle-20260904-putt_gentle-r03.jsonl,6232,research-ball-r1-pickup-precision-1d-gentle-20260904,putt-gentle-very-light-r03,False,0,STATIONARY,34.028,putt_gentle,experiments/research_ball_r1_pickup_precision_1d_gentle/manifest.json,True,0,750,True,False,True,True,False,5,0.417
0.0,experiments/research_ball_r1_pickup_precision_1e_rail/raw/field-pickup-precision-1e-rail-20260904-putt_rail_collision-r08.jsonl,6232,research-ball-r1-pickup-precision-1e-rail-20260904,putt-rail-firm-r08,False,0,STATIONARY,0.0,putt_rail_collision,experiments/research_ball_r1_pickup_precision_1e_rail/manifest.json,True,0,751,False,False,False,True,True,4,0.0
0.956,experiments/research_ball_r1_pickup_precision_1e_rail/raw/field-pickup-precision-1e-rail-20260904-putt_rail_collision-r09.jsonl,6232,research-ball-r1-pickup-precision-1e-rail-20260904,putt-rail-firm-r09,False,0,STATIONARY,42.054,putt_rail_collision,experiments/research_ball_r1_pickup_precision_1e_rail/manifest.json,True,0,750,True,False,True,True,False,5,3.731
0.0,experiments/research_ball_r1_pickup_precision_1e_rail/raw/field-pickup-precision-1e-rail-20260904-putt_rail_collision-r10.jsonl,6232,research-ball-r1-pickup-precision-1e-rail-20260904,putt-rail-firm-r10,False,0,STATIONARY,0.0,putt_rail_collision,experiments/research_ball_r1_pickup_precision_1e_rail/manifest.json,True,0,750,False,False,False,True,True,4,0.0
0.0,experiments/research_ball_r1_pickup_precision_1e_rail/raw/field-pickup-precision-1e-rail-20260904-putt_rail_collision-r01.jsonl,6232,research-ball-r1-pickup-precision-1e-rail-20260904,putt-rail-light-r01,False,0,STATIONARY,0.0,putt_rail_collision,experiments/research_ball_r1_pickup_precision_1e_rail/manifest.json,True,0,750,False,False,False,True,True,4,0.0
0.0,experiments/research_ball_r1_pickup_precision_1e_rail/raw/field-pickup-precision-1e-rail-20260904-putt_rail_collision-r02.jsonl,6232,research-ball-r1-pickup-precision-1e-rail-20260904,putt-rail-light-r02,False,0,STATIONARY,0.0,putt_rail_collision,experiments/research_ball_r1_pickup_precision_1e_rail/manifest.json,True,0,750,False,False,False,True,True,4,0.0
0.932,experiments/research_ball_r1_pickup_precision_1e_rail/raw/field-pickup-precision-1e-rail-20260904-putt_rail_collision-r03.jsonl,6232,research-ball-r1-pickup-precision-1e-rail-20260904,putt-rail-light-r03,False,0,STATIONARY,18.334,putt_rail_collision,experiments/research_ball_r1_pickup_precision_1e_rail/manifest.json,True,0,750,True,False,True,True,False,5,3.673
0.915,experiments/research_ball_r1_pickup_precision_1e_rail/raw/field-pickup-precision-1e-rail-20260904-putt_rail_collision-r04.jsonl,6232,research-ball-r1-pickup-precision-1e-rail-20260904,putt-rail-normal-r04,False,0,STATIONARY,16.502,putt_rail_collision,experiments/research_ball_r1_pickup_precision_1e_rail/manifest.json,True,0,751,True,False,True,True,False,5,1.945
0.0,experiments/research_ball_r1_pickup_precision_1e_rail/raw/field-pickup-precision-1e-rail-20260904-putt_rail_collision-r05.jsonl,6232,research-ball-r1-pickup-precision-1e-rail-20260904,putt-rail-normal-r05,False,0,STATIONARY,0.0,putt_rail_collision,experiments/research_ball_r1_pickup_precision_1e_rail/manifest.json,True,0,751,False,False,False,True,True,4,0.0
0.0,experiments/research_ball_r1_pickup_precision_1e_rail/raw/field-pickup-precision-1e-rail-20260904-putt_rail_collision-r06.jsonl,6232,research-ball-r1-pickup-precision-1e-rail-20260904,putt-rail-normal-r06,False,0,STATIONARY,0.0,putt_rail_collision,experiments/research_ball_r1_pickup_precision_1e_rail/manifest.json,True,0,751,False,False,False,True,True,4,0.0
0.0,experiments/research_ball_r1_pickup_precision_1e_rail/raw/field-pickup-precision-1e-rail-20260904-putt_rail_collision-r07.jsonl,6232,research-ball-r1-pickup-precision-1e-rail-20260904,putt-rail-normal-r07,False,0,STATIONARY,0.0,putt_rail_collision,experiments/research_ball_r1_pickup_precision_1e_rail/manifest.json,True,0,750,False,False,False,True,True,4,0.0
0.975,experiments/research_ball_r1_pickup_precision_1e_step/raw/field-pickup-precision-1e-step-replacement-20260904-track_step_drop-r01.jsonl,6232,research-ball-r1-pickup-precision-1e-step-20260904,track-step-fast-r08-replacement,False,0,STATIONARY,28.644,track_step_drop,experiments/research_ball_r1_pickup_precision_1e_step/manifest.json,True,0,751,True,False,True,True,False,5,0.276
0.948,experiments/research_ball_r1_pickup_precision_1e_step/raw/field-pickup-precision-1e-step-20260904-track_step_drop-r09.jsonl,6232,research-ball-r1-pickup-precision-1e-step-20260904,track-step-fast-r09,False,0,STATIONARY,33.146,track_step_drop,experiments/research_ball_r1_pickup_precision_1e_step/manifest.json,True,0,750,True,False,True,True,False,5,0.357
0.948,experiments/research_ball_r1_pickup_precision_1e_step/raw/field-pickup-precision-1e-step-20260904-track_step_drop-r10.jsonl,6232,research-ball-r1-pickup-precision-1e-step-20260904,track-step-fast-r10,False,0,STATIONARY,33.991,track_step_drop,experiments/research_ball_r1_pickup_precision_1e_step/manifest.json,True,0,750,True,False,True,True,False,5,0.225
0.982,experiments/research_ball_r1_pickup_precision_1e_step/raw/field-pickup-precision-1e-step-20260904-track_step_drop-r04.jsonl,6232,research-ball-r1-pickup-precision-1e-step-20260904,track-step-normal-r04,False,0,STATIONARY,21.285,track_step_drop,experiments/research_ball_r1_pickup_precision_1e_step/manifest.json,True,0,750,True,False,True,True,False,5,0.155
0.991,experiments/research_ball_r1_pickup_precision_1e_step/raw/field-pickup-precision-1e-step-20260904-track_step_drop-r05.jsonl,6232,research-ball-r1-pickup-precision-1e-step-20260904,track-step-normal-r05,False,0,STATIONARY,19.86,track_step_drop,experiments/research_ball_r1_pickup_precision_1e_step/manifest.json,True,0,750,True,False,True,True,False,5,0.284
0.977,experiments/research_ball_r1_pickup_precision_1e_step/raw/field-pickup-precision-1e-step-20260904-track_step_drop-r06.jsonl,6232,research-ball-r1-pickup-precision-1e-step-20260904,track-step-normal-r06,False,0,STATIONARY,34.328,track_step_drop,experiments/research_ball_r1_pickup_precision_1e_step/manifest.json,True,0,750,True,False,True,True,False,5,0.211
0.99,experiments/research_ball_r1_pickup_precision_1e_step/raw/field-pickup-precision-1e-step-20260904-track_step_drop-r07.jsonl,6232,research-ball-r1-pickup-precision-1e-step-20260904,track-step-normal-r07,False,0,STATIONARY,18.697,track_step_drop,experiments/research_ball_r1_pickup_precision_1e_step/manifest.json,True,0,751,True,False,True,True,False,5,0.326
0.934,experiments/research_ball_r1_pickup_precision_1e_step/raw/field-pickup-precision-1e-step-20260904-track_step_drop-r08.jsonl,6232,research-ball-r1-pickup-precision-1e-step-20260904,track-step-plus-obstacle-r08,False,0,STATIONARY,42.35,track_step_drop,experiments/research_ball_r1_pickup_precision_1e_step/manifest.json,True,0,751,True,False,True,True,False,5,0.732
0.999,experiments/research_ball_r1_pickup_precision_1e_step/raw/field-pickup-precision-1e-step-20260904-track_step_drop-r01.jsonl,6232,research-ball-r1-pickup-precision-1e-step-20260904,track-step-slow-r01,False,0,STATIONARY,13.129,track_step_drop,experiments/research_ball_r1_pickup_precision_1e_step/manifest.json,True,0,750,True,False,True,True,False,5,0.329
0.999,experiments/research_ball_r1_pickup_precision_1e_step/raw/field-pickup-precision-1e-step-20260904-track_step_drop-r02.jsonl,6232,research-ball-r1-pickup-precision-1e-step-20260904,track-step-slow-r02,False,0,STATIONARY,12.22,track_step_drop,experiments/research_ball_r1_pickup_precision_1e_step/manifest.json,True,0,751,True,False,True,True,False,5,0.449
0.995,experiments/research_ball_r1_pickup_precision_1e_step/raw/field-pickup-precision-1e-step-20260904-track_step_drop-r03.jsonl,6232,research-ball-r1-pickup-precision-1e-step-20260904,track-step-slow-r03,False,0,STATIONARY,9.588,track_step_drop,experiments/research_ball_r1_pickup_precision_1e_step/manifest.json,True,0,750,True,False,True,True,False,5,0.231
