ambiguous_contacts,archival_quality,authority,bmi_accel_near_rail_samples,bmi_gyro_near_rail_samples,category,context_bytes,count_incomplete,episode_id,event_truth,go_us,interpretation,label,manifest,operator,pickup_candidates,quality_breaks,raw_issues,samples,session,sha256,source,stroke_candidates,surface,unknown_onsets
0,legacy_exploratory,False,0,0,01_early_firmware_and_motion_tests,1256,True,handling-v0.1.7-001,UNAVAILABLE,,exploratory_only,handling,,unspecified,0,0,,1024,unspecified,d94181867dc41f348347996bd6670b73dcb9063cc88e5e809f25340cf47122a1,datasets/putttrack_imu_dataset_20260904.zip::putttrack_imu_dataset_20260904/data/01_early_firmware_and_motion_tests/handling-v0.1.7-001.jsonl,0,unspecified,1
8,legacy_exploratory,False,0,0,01_early_firmware_and_motion_tests,1256,True,handling-v0.1.7-002,UNAVAILABLE,,exploratory_only,handling,,unspecified,0,0,,1024,unspecified,2bbfc24ff9612e803e6ac66f5fa31a8aef545f754c3cd529e820bdbea301c268,datasets/putttrack_imu_dataset_20260904.zip::putttrack_imu_dataset_20260904/data/01_early_firmware_and_motion_tests/handling-v0.1.7-002.jsonl,0,unspecified,1
0,legacy_exploratory,False,0,0,01_early_firmware_and_motion_tests,1256,False,pickup-carry-001,UNAVAILABLE,,exploratory_only,pickup_carry,,unspecified,0,0,,599,unspecified,9e6c717eaccde7ded571ea6c134e51129a5969d69e4bfcd6f0ac63572e44641c,datasets/putttrack_imu_dataset_20260904.zip::putttrack_imu_dataset_20260904/data/01_early_firmware_and_motion_tests/pickup-carry-001.jsonl,0,unspecified,0
0,legacy_exploratory,False,0,0,01_early_firmware_and_motion_tests,1256,False,pickup-carry-002,UNAVAILABLE,,exploratory_only,pickup_carry,,unspecified,0,0,,1478,unspecified,fd1934c85dcaee9838fbc9e2121df66d8fd02e2dedf3a9733d20315655318c19,datasets/putttrack_imu_dataset_20260904.zip::putttrack_imu_dataset_20260904/data/01_early_firmware_and_motion_tests/pickup-carry-002.jsonl,0,unspecified,0
11,legacy_exploratory,False,0,0,01_early_firmware_and_motion_tests,1256,True,pickup-carry-003,UNAVAILABLE,,exploratory_only,pickup_carry,,unspecified,0,0,,502,unspecified,0d136e74e24d4319aa8af113cdc6221619aa010e0f7051d9280a286b3a59b177,datasets/putttrack_imu_dataset_20260904.zip::putttrack_imu_dataset_20260904/data/01_early_firmware_and_motion_tests/pickup-carry-003.jsonl,0,unspecified,0
0,legacy_exploratory,False,0,0,01_early_firmware_and_motion_tests,1256,False,pickup-carry-natural-001,UNAVAILABLE,,exploratory_only,pickup_carry,,unspecified,0,0,,64,unspecified,8a8197a4d22b47adf8957350efeeade883227056b63e6415fe1d026c826d34b5,datasets/putttrack_imu_dataset_20260904.zip::putttrack_imu_dataset_20260904/data/01_early_firmware_and_motion_tests/pickup-carry-natural-001.jsonl,0,unspecified,0
0,legacy_exploratory,False,0,0,01_early_firmware_and_motion_tests,1256,True,pickup-carry-natural-002,UNAVAILABLE,,exploratory_only,pickup_carry,,unspecified,0,5,,14610,unspecified,bc24af1d5890ff3c55abd3d3dc09795076bbeed564320dfbc788e03278e9d194,datasets/putttrack_imu_dataset_20260904.zip::putttrack_imu_dataset_20260904/data/01_early_firmware_and_motion_tests/pickup-carry-natural-002.jsonl,0,unspecified,0
2,legacy_exploratory,False,0,0,01_early_firmware_and_motion_tests,1256,True,pickup-carry-natural-v0.1.7-001,UNAVAILABLE,,exploratory_only,pickup_carry,,unspecified,0,0,,1024,unspecified,00108a758197c933224e70240d4416e505dd2462171cbe65de5f4b6821a722d1,datasets/putttrack_imu_dataset_20260904.zip::putttrack_imu_dataset_20260904/data/01_early_firmware_and_motion_tests/pickup-carry-natural-v0.1.7-001.jsonl,0,unspecified,1
0,legacy_exploratory,False,0,0,01_early_firmware_and_motion_tests,1256,False,pickup-carry-natural-v0.1.7-002,UNAVAILABLE,,exploratory_only,pickup_carry,,unspecified,0,0,,1024,unspecified,7b219baf12274f8ec71fedb8eed6e1dbcd401cd24e88d38e53cbec408fac9646,datasets/putttrack_imu_dataset_20260904.zip::putttrack_imu_dataset_20260904/data/01_early_firmware_and_motion_tests/pickup-carry-natural-v0.1.7-002.jsonl,0,unspecified,0
0,legacy_exploratory,False,0,0,01_early_firmware_and_motion_tests,1256,False,tag-labelled-workflow-v0.1.5,UNAVAILABLE,,exploratory_only,stationary,,unspecified,0,0,,64,unspecified,6d249cbae65ad6abafce2642eed96851e2174395172d8d635ad6eccbe7fa7248,datasets/putttrack_imu_dataset_20260904.zip::putttrack_imu_dataset_20260904/data/01_early_firmware_and_motion_tests/tag-labelled-workflow-v0.1.5.jsonl,0,unspecified,0
0,legacy_exploratory,False,0,0,01_early_firmware_and_motion_tests,1256,False,tag-postconfirm-v0.1.5,UNAVAILABLE,,exploratory_only,,,unspecified,0,0,,64,unspecified,362d1be7ba45337c187ddf86e9cfdd7a93a28ea60cb5d3406e661b505f80ca07,datasets/putttrack_imu_dataset_20260904.zip::putttrack_imu_dataset_20260904/data/01_early_firmware_and_motion_tests/tag-postconfirm-v0.1.5.jsonl,0,unspecified,0
0,legacy_exploratory,False,0,0,01_early_firmware_and_motion_tests,1256,False,tag-stationary-v0.1.11-battery-idle-diagnostic,UNAVAILABLE,,exploratory_only,stationary,,unspecified,0,0,,1024,unspecified,7ef238d7039c2e57d257cde69ea44ed0523a80c6f44a1b0828c2291b3b94880d,datasets/putttrack_imu_dataset_20260904.zip::putttrack_imu_dataset_20260904/data/01_early_firmware_and_motion_tests/tag-stationary-v0.1.11-battery-idle-diagnostic.jsonl,0,unspecified,0
0,legacy_exploratory,False,0,0,01_early_firmware_and_motion_tests,1256,True,tag-stationary-v0.1.2,UNAVAILABLE,,exploratory_only,,,unspecified,0,9,,10,unspecified,3b1e0b3a7b73f74edb12a333737d0acfaf828db19b401d5067b2c4715b22cbf4,datasets/putttrack_imu_dataset_20260904.zip::putttrack_imu_dataset_20260904/data/01_early_firmware_and_motion_tests/tag-stationary-v0.1.2.jsonl,0,unspecified,0
0,legacy_exploratory,False,0,0,01_early_firmware_and_motion_tests,1256,False,tag-stationary-v0.1.6-host-audit,UNAVAILABLE,,exploratory_only,stationary,,unspecified,0,0,,64,unspecified,96d452c7c31c37cc496364a7bb5a6e53b7dcf03bea41734371f1aead07d7589b,datasets/putttrack_imu_dataset_20260904.zip::putttrack_imu_dataset_20260904/data/01_early_firmware_and_motion_tests/tag-stationary-v0.1.6-host-audit.jsonl,0,unspecified,0
0,legacy_exploratory,False,0,0,01_early_firmware_and_motion_tests,1256,False,tag-stationary-v0.1.6-interactive-retry-smoke,UNAVAILABLE,,exploratory_only,stationary,,unspecified,0,0,,1351,unspecified,25a6f68c00823eccd540fb7bb9614657c78e0cfb706ccffda9aec6f59ba8fa62,datasets/putttrack_imu_dataset_20260904.zip::putttrack_imu_dataset_20260904/data/01_early_firmware_and_motion_tests/tag-stationary-v0.1.6-interactive-retry-smoke.jsonl,0,unspecified,0
0,legacy_exploratory,False,0,0,01_early_firmware_and_motion_tests,1256,False,tag-stationary-v0.1.6-interactive-smoke,UNAVAILABLE,,exploratory_only,stationary,,unspecified,0,0,,257,unspecified,4f022fb7bb6bdae9abe20e5446a155f5ee095c4ad78505cd9d84526fbe2f97b3,datasets/putttrack_imu_dataset_20260904.zip::putttrack_imu_dataset_20260904/data/01_early_firmware_and_motion_tests/tag-stationary-v0.1.6-interactive-smoke.jsonl,0,unspecified,0
0,legacy_exploratory,False,0,0,01_early_firmware_and_motion_tests,1256,False,tag-stationary-v0.1.6-post-confirm,UNAVAILABLE,,exploratory_only,stationary,,unspecified,0,0,,64,unspecified,2e0158d0d002f627d3cbe5002db956e696e026569aed43affd6d17c397de3195,datasets/putttrack_imu_dataset_20260904.zip::putttrack_imu_dataset_20260904/data/01_early_firmware_and_motion_tests/tag-stationary-v0.1.6-post-confirm.jsonl,0,unspecified,0
0,legacy_exploratory,False,0,0,01_early_firmware_and_motion_tests,1256,False,tag-stationary-v0.1.6-test,UNAVAILABLE,,exploratory_only,stationary,,unspecified,0,0,,170,unspecified,53258c8c578f929f0bff5b9f304b4cbaf4a8f2dccf97b5c35ebb0e9168e39592,datasets/putttrack_imu_dataset_20260904.zip::putttrack_imu_dataset_20260904/data/01_early_firmware_and_motion_tests/tag-stationary-v0.1.6-test.jsonl,0,unspecified,0
0,legacy_exploratory,False,0,0,01_early_firmware_and_motion_tests,1256,False,tag-stationary-v0.1.6-wait-check,UNAVAILABLE,,exploratory_only,stationary_wait,,unspecified,0,0,,64,unspecified,0877538eae504105471b13b8b45f9f41bbf431b341c858f8c4f23e867e61dccb,datasets/putttrack_imu_dataset_20260904.zip::putttrack_imu_dataset_20260904/data/01_early_firmware_and_motion_tests/tag-stationary-v0.1.6-wait-check.jsonl,0,unspecified,0
0,legacy_exploratory,False,0,0,01_early_firmware_and_motion_tests,1256,False,tag-stationary-v0.1.7-post-confirm-frozen,UNAVAILABLE,,exploratory_only,stationary,,unspecified,0,0,,1024,unspecified,b5efe934a2fbfddd47a700c59d5805a18326c763e4a36a57bd2f43e59e99ed47,datasets/putttrack_imu_dataset_20260904.zip::putttrack_imu_dataset_20260904/data/01_early_firmware_and_motion_tests/tag-stationary-v0.1.7-post-confirm-frozen.jsonl,0,unspecified,0
0,legacy_exploratory,False,0,0,01_early_firmware_and_motion_tests,1256,False,tag-stationary-v0.1.7-post-handling-002-frozen,UNAVAILABLE,,exploratory_only,stationary,,unspecified,0,0,,1024,unspecified,bd2af6c3bf66bc0323de31ee8e7fe03a514486d8d103b736ca50c7b7388cca60,datasets/putttrack_imu_dataset_20260904.zip::putttrack_imu_dataset_20260904/data/01_early_firmware_and_motion_tests/tag-stationary-v0.1.7-post-handling-002-frozen.jsonl,0,unspecified,0
0,legacy_exploratory,False,0,0,01_early_firmware_and_motion_tests,1256,False,tag-stationary-v0.1.7-test-frozen,UNAVAILABLE,,exploratory_only,stationary,,unspecified,0,0,,1024,unspecified,5a7d862bef12b456d7f45667ed5cb31f533e9ae5b6817a10b9c54e56a8276657,datasets/putttrack_imu_dataset_20260904.zip::putttrack_imu_dataset_20260904/data/01_early_firmware_and_motion_tests/tag-stationary-v0.1.7-test-frozen.jsonl,0,unspecified,0
0,legacy_exploratory,False,0,0,01_early_firmware_and_motion_tests,1256,False,tag-stationary-v0.1.7-test-window,UNAVAILABLE,,exploratory_only,stationary,,unspecified,0,0,,163,unspecified,c0865dccc3ad941afb3d65c309c4719747b26c02703e9f1057108cbf6b8df5e5,datasets/putttrack_imu_dataset_20260904.zip::putttrack_imu_dataset_20260904/data/01_early_firmware_and_motion_tests/tag-stationary-v0.1.7-test-window.jsonl,0,unspecified,0
0,legacy_exploratory,False,0,0,01_early_firmware_and_motion_tests,1256,False,tag-stationary-v0.1.7-tilted-003-frozen,UNAVAILABLE,,exploratory_only,stationary,,unspecified,0,0,,1024,unspecified,011031529f6a2fc39fbdb118bf205f5114963be2f7e9a3b027abee113ce900a2,datasets/putttrack_imu_dataset_20260904.zip::putttrack_imu_dataset_20260904/data/01_early_firmware_and_motion_tests/tag-stationary-v0.1.7-tilted-003-frozen.jsonl,0,unspecified,0
0,legacy_exploratory,False,0,0,01_early_firmware_and_motion_tests,1256,False,tag-stationary-v0.1.8-test-research-frozen,UNAVAILABLE,,exploratory_only,stationary,,unspecified,0,0,,1024,unspecified,b549c453d8bc502ae3d519a9ff6e4bd2c67f890fe4b5106408dc7c40c2e65b4d,datasets/putttrack_imu_dataset_20260904.zip::putttrack_imu_dataset_20260904/data/01_early_firmware_and_motion_tests/tag-stationary-v0.1.8-test-research-frozen.jsonl,0,unspecified,0
0,legacy_exploratory,False,0,0,01_early_firmware_and_motion_tests,1256,False,tag-stationary-v0.1.9-battery-swd-frozen,UNAVAILABLE,,exploratory_only,stationary,,unspecified,0,0,,1024,unspecified,bfcaf5395038e50a352c9e8d8f014049eca3b62185eff467148c5fde92a57ebe,datasets/putttrack_imu_dataset_20260904.zip::putttrack_imu_dataset_20260904/data/01_early_firmware_and_motion_tests/tag-stationary-v0.1.9-battery-swd-frozen.jsonl,0,unspecified,0
0,legacy_exploratory,False,0,0,01_early_firmware_and_motion_tests,1256,False,tag-stationary-v0.1.9-test-research-frozen,UNAVAILABLE,,exploratory_only,stationary,,unspecified,0,0,,1024,unspecified,1653ebbf7122aa143f61f36baa3f6d4f4ab1732e5ac5bccc15e8b0379b18f594,datasets/putttrack_imu_dataset_20260904.zip::putttrack_imu_dataset_20260904/data/01_early_firmware_and_motion_tests/tag-stationary-v0.1.9-test-research-frozen.jsonl,0,unspecified,0
0,legacy_exploratory,False,0,0,01_early_firmware_and_motion_tests,1256,True,tag-stationary-window-v0.1.3,UNAVAILABLE,,exploratory_only,,,unspecified,0,87,,88,unspecified,53016db9142465794b66c85464bcde22c40b59ece70f197ec5a53f52a961a742,datasets/putttrack_imu_dataset_20260904.zip::putttrack_imu_dataset_20260904/data/01_early_firmware_and_motion_tests/tag-stationary-window-v0.1.3.jsonl,0,unspecified,0
0,legacy_exploratory,False,0,0,01_early_firmware_and_motion_tests,1256,False,tag-stationary-window-v0.1.4-test,UNAVAILABLE,,exploratory_only,,,unspecified,0,0,,145,unspecified,8f32f35bb9e7b272bf7f55f74af53c4872d4749a230069a762965521423119cb,datasets/putttrack_imu_dataset_20260904.zip::putttrack_imu_dataset_20260904/data/01_early_firmware_and_motion_tests/tag-stationary-window-v0.1.4-test.jsonl,0,unspecified,0
0,legacy_exploratory,False,0,0,01_early_firmware_and_motion_tests,1256,False,tag-stationary-window-v0.1.5-test,UNAVAILABLE,,exploratory_only,,,unspecified,0,0,,154,unspecified,9c973df0963068810ac77059a92f2e8775a88b65f2198a416c6bd02824466bfc,datasets/putttrack_imu_dataset_20260904.zip::putttrack_imu_dataset_20260904/data/01_early_firmware_and_motion_tests/tag-stationary-window-v0.1.5-test.jsonl,0,unspecified,0
0,legacy_exploratory,False,0,0,01_early_firmware_and_motion_tests,1256,False,tag-wake-v0.1.11-battery-auto-frozen,UNAVAILABLE,,exploratory_only,handling,,unspecified,0,0,,1024,unspecified,17012a737eb38d79107cc725a43d9f51394bd0ac1b6afe6787e978d8687f60df,datasets/putttrack_imu_dataset_20260904.zip::putttrack_imu_dataset_20260904/data/01_early_firmware_and_motion_tests/tag-wake-v0.1.11-battery-auto-frozen.jsonl,0,unspecified,0
5,legacy_exploratory,False,0,0,01_early_firmware_and_motion_tests,1256,True,tag-wake-v0.1.9-test-auto-frozen,UNAVAILABLE,,exploratory_only,handling,,unspecified,1,0,,792,unspecified,9a907a105a770f6c417ed9c792480141c625d599191cdf749dd73d028d50a7b7,datasets/putttrack_imu_dataset_20260904.zip::putttrack_imu_dataset_20260904/data/01_early_firmware_and_motion_tests/tag-wake-v0.1.9-test-auto-frozen.jsonl,0,unspecified,0
0,preliminary_fixture,False,0,0,04_roller_preliminary,1256,False,roller-r0-stationary-o1-r01,UNAVAILABLE,253749504,exploratory_only,stationary,,unspecified,0,0,,551,unspecified,8ac165975711cd6beb502c15cb2f66d322d346556ce6ab66c7a2480f9069eab4,datasets/putttrack_imu_dataset_20260904.zip::putttrack_imu_dataset_20260904/data/04_roller_preliminary/roller-r0-stationary-o1-r01.jsonl,0,unspecified,0
0,preliminary_fixture,False,0,0,04_roller_preliminary,1256,False,roller-r1-120rpm-3s-live-r01,UNAVAILABLE,,exploratory_only,roller_120rpm_live,,unspecified,0,0,,64,unspecified,2079493230bb1891ba0a6971624c117282555ff7553a4f680bfb4bd93136b40a,datasets/putttrack_imu_dataset_20260904.zip::putttrack_imu_dataset_20260904/data/04_roller_preliminary/roller-r1-120rpm-3s-live-r01.jsonl,0,unspecified,0
0,preliminary_fixture,False,0,0,04_roller_preliminary,1256,False,roller-r1-120rpm-3s-r01,UNAVAILABLE,27659469504,exploratory_only,roller_120rpm,,unspecified,0,0,,601,unspecified,147493213292e0c2e63c72c596d566b39f2c4db7924de37b6cbbdbf3cca4fb62,datasets/putttrack_imu_dataset_20260904.zip::putttrack_imu_dataset_20260904/data/04_roller_preliminary/roller-r1-120rpm-3s-r01.jsonl,0,unspecified,0
1,preliminary_fixture,False,0,0,04_roller_preliminary,1256,True,roller-r1-120rpm-3s-sync-r01,UNAVAILABLE,27870569504,exploratory_only,roller_120rpm,,unspecified,0,0,,450,unspecified,f5d78799be0b27ec7f26a69443768af4c9adfaf502990597b3fd5bd4018d5ed4,datasets/putttrack_imu_dataset_20260904.zip::putttrack_imu_dataset_20260904/data/04_roller_preliminary/roller-r1-120rpm-3s-sync-r01.jsonl,0,unspecified,1
1,preliminary_fixture,False,0,0,04_roller_preliminary,1256,True,roller-r1-120rpm-3s-sync-r02,UNAVAILABLE,27977369536,exploratory_only,roller_120rpm,,unspecified,0,0,,450,unspecified,4a073d8bb8846dbaf6bd55264fbb09744a8f7016a5b6e3a3ef67e0b662a85550,datasets/putttrack_imu_dataset_20260904.zip::putttrack_imu_dataset_20260904/data/04_roller_preliminary/roller-r1-120rpm-3s-sync-r02.jsonl,0,unspecified,1
0,preliminary_fixture,False,0,0,04_roller_preliminary,1256,False,roller-r1-30rpm-10s-r01,UNAVAILABLE,787789504,exploratory_only,roller_30rpm,,unspecified,0,0,,850,unspecified,8b53b2b7e887d94071471dd1215c1a4493fdd89b0716bbfe9e4210c0688e155f,datasets/putttrack_imu_dataset_20260904.zip::putttrack_imu_dataset_20260904/data/04_roller_preliminary/roller-r1-30rpm-10s-r01.jsonl,0,unspecified,0
0,preliminary_fixture,False,0,0,04_roller_preliminary,1256,False,roller-r1-30rpm-5s-r02,UNAVAILABLE,961229504,exploratory_only,roller_30rpm_diagnostic,,unspecified,0,0,,651,unspecified,a59b4edabcd4eb9da7d8bfc91ac2f7346eac1041084e39f3bdb11da9c5c5c5a3,datasets/putttrack_imu_dataset_20260904.zip::putttrack_imu_dataset_20260904/data/04_roller_preliminary/roller-r1-30rpm-5s-r02.jsonl,0,unspecified,0
0,preliminary_fixture,False,0,0,04_roller_preliminary,1256,False,roller-r1-60rpm-5s-r01,UNAVAILABLE,1074529536,exploratory_only,roller_60rpm_diagnostic,,unspecified,0,0,,651,unspecified,70659dd96b946fd07ec164dec6afbce71e1d656f0d0f234c69a29f2a8b9fd81c,datasets/putttrack_imu_dataset_20260904.zip::putttrack_imu_dataset_20260904/data/04_roller_preliminary/roller-r1-60rpm-5s-r01.jsonl,0,unspecified,0
0,preliminary_fixture,False,0,0,04_roller_preliminary,1256,False,roller-r1-60rpm-5s-r02,UNAVAILABLE,27319229632,exploratory_only,roller_60rpm_retest,,unspecified,0,0,,650,unspecified,291a17f8fbb8e43172b2e3b738b1ccc9b4d120594d2dd2b05df7684648117421,datasets/putttrack_imu_dataset_20260904.zip::putttrack_imu_dataset_20260904/data/04_roller_preliminary/roller-r1-60rpm-5s-r02.jsonl,0,unspecified,0
0,usable_fixture,False,0,0,05_roller_official,1256,True,roller-matrix-o1-n030-r01,UNAVAILABLE,28354213504,exploratory_only,roller_-30rpm,,unspecified,0,0,,451,unspecified,1c7b2820065abd308404abd51eaeabead25a3a2c63f6f4b945cb81ccb56027d6,datasets/putttrack_imu_dataset_20260904.zip::putttrack_imu_dataset_20260904/data/05_roller_official/roller-matrix-o1-n030-r01.jsonl,0,unspecified,1
3,usable_fixture,False,0,0,05_roller_official,1256,True,roller-matrix-o1-n030-r02,UNAVAILABLE,28790768864,exploratory_only,roller_-30rpm,,unspecified,0,0,,450,unspecified,e26361a38a869573e0ba1cc55db1aee9a9f94c40896546bd4c67c668ac59a6f5,datasets/putttrack_imu_dataset_20260904.zip::putttrack_imu_dataset_20260904/data/05_roller_official/roller-matrix-o1-n030-r02.jsonl,0,unspecified,1
1,usable_fixture,False,0,0,05_roller_official,1256,True,roller-matrix-o1-n030-r03,UNAVAILABLE,29198088544,exploratory_only,roller_-30rpm,,unspecified,0,0,,450,unspecified,d56d0f48c40ad47e7ef917ca76dd06c9bc778b660edfdb12a573288bf7ca33b7,datasets/putttrack_imu_dataset_20260904.zip::putttrack_imu_dataset_20260904/data/05_roller_official/roller-matrix-o1-n030-r03.jsonl,0,unspecified,1
2,usable_fixture,False,0,0,05_roller_official,1256,True,roller-matrix-o1-n060-r01,UNAVAILABLE,28417333536,exploratory_only,roller_-60rpm,,unspecified,0,0,,450,unspecified,828a417caab6c4c2a3408fadedb5166a37a72577ec6501dbc48511818223583c,datasets/putttrack_imu_dataset_20260904.zip::putttrack_imu_dataset_20260904/data/05_roller_official/roller-matrix-o1-n060-r01.jsonl,0,unspecified,1
1,usable_fixture,False,0,0,05_roller_official,1256,True,roller-matrix-o1-n060-r02,UNAVAILABLE,28851708512,exploratory_only,roller_-60rpm,,unspecified,0,0,,450,unspecified,aaa55be4e0863dfd3b759bfd09c266273062537aabf86fccc5cc64a6c9fb5a79,datasets/putttrack_imu_dataset_20260904.zip::putttrack_imu_dataset_20260904/data/05_roller_official/roller-matrix-o1-n060-r02.jsonl,0,unspecified,1
3,usable_fixture,False,0,0,05_roller_official,1256,True,roller-matrix-o1-n060-r03,UNAVAILABLE,29137148576,exploratory_only,roller_-60rpm,,unspecified,0,0,,450,unspecified,a8b81d9ef525b790114c5da2ff22d29e68da9600064fec2268fd463a809a0f04,datasets/putttrack_imu_dataset_20260904.zip::putttrack_imu_dataset_20260904/data/05_roller_official/roller-matrix-o1-n060-r03.jsonl,0,unspecified,1
2,usable_fixture,False,0,0,05_roller_official,1256,True,roller-matrix-o1-n090-r01,UNAVAILABLE,28488353504,exploratory_only,roller_-90rpm,,unspecified,0,0,,450,unspecified,d7dcf7161335c0442d524c5fa73529b3454b3678b7314780ddd4eac6cec1284a,datasets/putttrack_imu_dataset_20260904.zip::putttrack_imu_dataset_20260904/data/05_roller_official/roller-matrix-o1-n090-r01.jsonl,0,unspecified,1
1,usable_fixture,False,0,0,05_roller_official,1256,True,roller-matrix-o1-n090-r02,UNAVAILABLE,28914708640,exploratory_only,roller_-90rpm,,unspecified,0,0,,450,unspecified,54cecae3f799519cbe59b82381f0d56d99972fdb5069d3eb9229a23462955417,datasets/putttrack_imu_dataset_20260904.zip::putttrack_imu_dataset_20260904/data/05_roller_official/roller-matrix-o1-n090-r02.jsonl,0,unspecified,1
1,usable_fixture,False,0,0,05_roller_official,1256,True,roller-matrix-o1-n090-r03,UNAVAILABLE,29075988544,exploratory_only,roller_-90rpm,,unspecified,0,0,,450,unspecified,2272a933399baeb2d68f2430076e26e463c598617c0cad4c66797a8bf69e31bd,datasets/putttrack_imu_dataset_20260904.zip::putttrack_imu_dataset_20260904/data/05_roller_official/roller-matrix-o1-n090-r03.jsonl,0,unspecified,1
0,usable_fixture,False,0,0,05_roller_official,1256,True,roller-matrix-o1-n120-r01,UNAVAILABLE,28551493504,exploratory_only,roller_-120rpm,,unspecified,0,0,,451,unspecified,63f2b7bd431e3e79169bdcd086d3b103442a06bdaf1e3b1ecb0cc18e166bd777,datasets/putttrack_imu_dataset_20260904.zip::putttrack_imu_dataset_20260904/data/05_roller_official/roller-matrix-o1-n120-r01.jsonl,0,unspecified,1
0,usable_fixture,False,0,0,05_roller_official,1256,True,roller-matrix-o1-n120-r02,UNAVAILABLE,28976708544,exploratory_only,roller_-120rpm,,unspecified,0,0,,450,unspecified,2f1d3329bea4877c454251bb163f098f5296d57f7180fccb9452c21f965e51f2,datasets/putttrack_imu_dataset_20260904.zip::putttrack_imu_dataset_20260904/data/05_roller_official/roller-matrix-o1-n120-r02.jsonl,0,unspecified,1
0,usable_fixture,False,0,0,05_roller_official,1256,True,roller-matrix-o1-n120-r03,UNAVAILABLE,29007948544,exploratory_only,roller_-120rpm,,unspecified,0,0,,451,unspecified,196de3e2dcd320337d626080b2b0dadc13fb1fd4ce1b0f8bb5e1bc216888aad6,datasets/putttrack_imu_dataset_20260904.zip::putttrack_imu_dataset_20260904/data/05_roller_official/roller-matrix-o1-n120-r03.jsonl,0,unspecified,1
2,usable_fixture,False,0,0,05_roller_official,1256,True,roller-matrix-o1-p030-r01,UNAVAILABLE,28320953536,exploratory_only,roller_30rpm,,unspecified,0,0,,451,unspecified,78ee892c37a450714eb2b3d77beabf7d8bcf419546fb85ed97d1f95efc0ffffd,datasets/putttrack_imu_dataset_20260904.zip::putttrack_imu_dataset_20260904/data/05_roller_official/roller-matrix-o1-p030-r01.jsonl,0,unspecified,1
1,usable_fixture,False,0,0,05_roller_official,1256,True,roller-matrix-o1-p030-r02,UNAVAILABLE,28759468512,exploratory_only,roller_30rpm,,unspecified,0,0,,451,unspecified,616ed4266c7c03cf2db4a6327ffec5cccf55ebf7705e6ee7b952e8269b429e4a,datasets/putttrack_imu_dataset_20260904.zip::putttrack_imu_dataset_20260904/data/05_roller_official/roller-matrix-o1-p030-r02.jsonl,0,unspecified,1
1,usable_fixture,False,0,0,05_roller_official,1256,True,roller-matrix-o1-p030-r03,UNAVAILABLE,29230368544,exploratory_only,roller_30rpm,,unspecified,0,0,,451,unspecified,2aab6fab37abee25cdfb26404771edce8992448b61b69f8ce81c3e2497522daa,datasets/putttrack_imu_dataset_20260904.zip::putttrack_imu_dataset_20260904/data/05_roller_official/roller-matrix-o1-p030-r03.jsonl,0,unspecified,1
4,usable_fixture,False,0,0,05_roller_official,1256,True,roller-matrix-o1-p060-r01,UNAVAILABLE,28386633536,exploratory_only,roller_60rpm,,unspecified,0,0,,450,unspecified,e99ab7a8aae9da42fd88a8621cf42309d5c6f483fc69ade274d63df4cbd86c57,datasets/putttrack_imu_dataset_20260904.zip::putttrack_imu_dataset_20260904/data/05_roller_official/roller-matrix-o1-p060-r01.jsonl,0,unspecified,1
3,usable_fixture,False,0,0,05_roller_official,1256,True,roller-matrix-o1-p060-r02,UNAVAILABLE,28820868544,exploratory_only,roller_60rpm,,unspecified,0,0,,451,unspecified,69a0b66845f6c32006d6ca5d5c662da40ce12de1b9f9c5ab6592c82dabc465dc,datasets/putttrack_imu_dataset_20260904.zip::putttrack_imu_dataset_20260904/data/05_roller_official/roller-matrix-o1-p060-r02.jsonl,0,unspecified,1
1,usable_fixture,False,0,0,05_roller_official,1256,True,roller-matrix-o1-p060-r03,UNAVAILABLE,29167988512,exploratory_only,roller_60rpm,,unspecified,0,0,,451,unspecified,2065e120e8b86ebb9582250a671dda9a47c9bdcf9f86988f9c69fb1b58a40b70,datasets/putttrack_imu_dataset_20260904.zip::putttrack_imu_dataset_20260904/data/05_roller_official/roller-matrix-o1-p060-r03.jsonl,0,unspecified,1
3,usable_fixture,False,0,0,05_roller_official,1256,True,roller-matrix-o1-p090-r01,UNAVAILABLE,28457993536,exploratory_only,roller_90rpm,,unspecified,0,0,,450,unspecified,31e8b4261b881fb4e6083c5a66615cb7e9033da014064d12d9e8f778c8dced66,datasets/putttrack_imu_dataset_20260904.zip::putttrack_imu_dataset_20260904/data/05_roller_official/roller-matrix-o1-p090-r01.jsonl,0,unspecified,1
1,usable_fixture,False,0,0,05_roller_official,1256,True,roller-matrix-o1-p090-r02,UNAVAILABLE,28883268800,exploratory_only,roller_90rpm,,unspecified,0,0,,450,unspecified,d282ed0189e9740f70a9cab3b465185a69c000173639736153b3c486ad10b317,datasets/putttrack_imu_dataset_20260904.zip::putttrack_imu_dataset_20260904/data/05_roller_official/roller-matrix-o1-p090-r02.jsonl,0,unspecified,1
2,usable_fixture,False,0,0,05_roller_official,1256,True,roller-matrix-o1-p090-r03,UNAVAILABLE,29106488544,exploratory_only,roller_90rpm,,unspecified,0,0,,451,unspecified,a9001c1952d7c43b5bd27f84394be9f4cd75e6c3d4a95be8ff00e77860b1a143,datasets/putttrack_imu_dataset_20260904.zip::putttrack_imu_dataset_20260904/data/05_roller_official/roller-matrix-o1-p090-r03.jsonl,0,unspecified,1
1,usable_fixture,False,0,0,05_roller_official,1256,True,roller-matrix-o1-p120-r01,UNAVAILABLE,28520273536,exploratory_only,roller_120rpm,,unspecified,0,0,,450,unspecified,bd1153d87b68d3740d11df2253c3f049d0824a66ce6eff6d2faafaeed5371607,datasets/putttrack_imu_dataset_20260904.zip::putttrack_imu_dataset_20260904/data/05_roller_official/roller-matrix-o1-p120-r01.jsonl,0,unspecified,1
0,usable_fixture,False,0,0,05_roller_official,1256,True,roller-matrix-o1-p120-r02,UNAVAILABLE,28945468544,exploratory_only,roller_120rpm,,unspecified,0,0,,451,unspecified,bcac18199e15b83b7606a693763ea1975f991d56b928f5908a5b8b2d4da8f832,datasets/putttrack_imu_dataset_20260904.zip::putttrack_imu_dataset_20260904/data/05_roller_official/roller-matrix-o1-p120-r02.jsonl,0,unspecified,1
0,usable_fixture,False,0,0,05_roller_official,1256,True,roller-matrix-o1-p120-r03,UNAVAILABLE,29038288512,exploratory_only,roller_120rpm,,unspecified,0,0,,451,unspecified,b8576a9a3c6f88ea02269c6bed74fa7a0bd0f32e543cfc0b8d68b5c6ac6705f9,datasets/putttrack_imu_dataset_20260904.zip::putttrack_imu_dataset_20260904/data/05_roller_official/roller-matrix-o1-p120-r03.jsonl,0,unspecified,1
0,usable_fixture,False,0,0,05_roller_official,1256,True,roller-r2-boundary-o1-n001-r01,UNAVAILABLE,31980710528,exploratory_only,low_speed_boundary_-1rpm,,unspecified,0,0,,601,unspecified,4ee28e89370b2f8b11952d8362b48d51e160bc7bb65bddb045ed4bf26cd93824,datasets/putttrack_imu_dataset_20260904.zip::putttrack_imu_dataset_20260904/data/05_roller_official/roller-r2-boundary-o1-n001-r01.jsonl,0,unspecified,1
0,usable_fixture,False,0,0,05_roller_official,1256,True,roller-r2-boundary-o1-n002-r01,UNAVAILABLE,32049550720,exploratory_only,low_speed_boundary_-2rpm,,unspecified,0,0,,600,unspecified,559120d6b72d1d5f3ad5138036a34bc7e58e79d68e6db2554cbe60bc52556e95,datasets/putttrack_imu_dataset_20260904.zip::putttrack_imu_dataset_20260904/data/05_roller_official/roller-r2-boundary-o1-n002-r01.jsonl,0,unspecified,1
0,usable_fixture,False,0,0,05_roller_official,1256,True,roller-r2-boundary-o1-n003-r01,UNAVAILABLE,32123970496,exploratory_only,low_speed_boundary_-3rpm,,unspecified,0,0,,601,unspecified,ff1332afe7074694edef5f42d6058729d92810b2a899052a272f3e521d993a7e,datasets/putttrack_imu_dataset_20260904.zip::putttrack_imu_dataset_20260904/data/05_roller_official/roller-r2-boundary-o1-n003-r01.jsonl,0,unspecified,1
0,usable_fixture,False,0,0,05_roller_official,1256,True,roller-r2-boundary-o1-n005-r01,UNAVAILABLE,31378870528,exploratory_only,low_speed_boundary_-5rpm,,unspecified,0,0,,500,unspecified,562b3128e30ba199076554c09ca3a84ed753ad2c0dccd131b4ee57edfc464231,datasets/putttrack_imu_dataset_20260904.zip::putttrack_imu_dataset_20260904/data/05_roller_official/roller-r2-boundary-o1-n005-r01.jsonl,0,unspecified,1
0,usable_fixture,False,0,0,05_roller_official,1256,True,roller-r2-boundary-o1-n010-r01,UNAVAILABLE,31448470560,exploratory_only,low_speed_boundary_-10rpm,,unspecified,0,0,,500,unspecified,90251d5b3320bfb5db73f8e0baa3cc10a993685bfd2491fea1e5029eebc3668a,datasets/putttrack_imu_dataset_20260904.zip::putttrack_imu_dataset_20260904/data/05_roller_official/roller-r2-boundary-o1-n010-r01.jsonl,0,unspecified,1
0,usable_fixture,False,0,0,05_roller_official,1256,True,roller-r2-boundary-o1-n015-r01,UNAVAILABLE,31517230528,exploratory_only,low_speed_boundary_-15rpm,,unspecified,0,0,,501,unspecified,b3d3174173cbe52276e7b42d6955b523e8e19311fb5e98ed4262ac1cf9435ad6,datasets/putttrack_imu_dataset_20260904.zip::putttrack_imu_dataset_20260904/data/05_roller_official/roller-r2-boundary-o1-n015-r01.jsonl,0,unspecified,1
2,usable_fixture,False,0,0,05_roller_official,1256,True,roller-r2-boundary-o1-n020-r01,UNAVAILABLE,31591230528,exploratory_only,low_speed_boundary_-20rpm,,unspecified,0,0,,501,unspecified,27a260f2e98468c55ec20ddba758994958aae254cb97fe52668f798d6d736b53,datasets/putttrack_imu_dataset_20260904.zip::putttrack_imu_dataset_20260904/data/05_roller_official/roller-r2-boundary-o1-n020-r01.jsonl,0,unspecified,1
0,usable_fixture,False,0,0,05_roller_official,1256,True,roller-r2-boundary-o1-n165-r01,UNAVAILABLE,31864070528,exploratory_only,roller_-165rpm_high_boundary,,unspecified,0,0,,450,unspecified,aba51475978145f8750af7e33dcb611dc52eeeefbd87e5630163f80797f6b220,datasets/putttrack_imu_dataset_20260904.zip::putttrack_imu_dataset_20260904/data/05_roller_official/roller-r2-boundary-o1-n165-r01.jsonl,0,unspecified,1
1,fixture_limit_test,False,0,9,05_roller_official,1256,True,roller-r2-boundary-o1-n180-r01,UNAVAILABLE,31899670528,exploratory_only,roller_-180rpm_high_boundary,,unspecified,0,0,,450,unspecified,665fdcbe7bab37c8f55c92e79f57faab392fbd60bf03662c2555952d5ae7d164,datasets/putttrack_imu_dataset_20260904.zip::putttrack_imu_dataset_20260904/data/05_roller_official/roller-r2-boundary-o1-n180-r01.jsonl,0,unspecified,1
0,usable_fixture,False,0,0,05_roller_official,1256,True,roller-r2-boundary-o1-p001-r01,UNAVAILABLE,31946690528,exploratory_only,low_speed_boundary_1rpm,,unspecified,0,0,,600,unspecified,871a83f7e1f8e53d0bf56ff7ba4bf166dbf54b4981cca551de0ea10d1976378b,datasets/putttrack_imu_dataset_20260904.zip::putttrack_imu_dataset_20260904/data/05_roller_official/roller-r2-boundary-o1-p001-r01.jsonl,0,unspecified,1
0,usable_fixture,False,0,0,05_roller_official,1256,True,roller-r2-boundary-o1-p002-r01,UNAVAILABLE,32015570496,exploratory_only,low_speed_boundary_2rpm,,unspecified,0,0,,601,unspecified,05c0ca0b967d52e4697348712c5f8d42ea0997ea13554b09ca90e103c74cc3ba,datasets/putttrack_imu_dataset_20260904.zip::putttrack_imu_dataset_20260904/data/05_roller_official/roller-r2-boundary-o1-p002-r01.jsonl,0,unspecified,1
0,usable_fixture,False,0,0,05_roller_official,1256,True,roller-r2-boundary-o1-p003-r01,UNAVAILABLE,32082950528,exploratory_only,low_speed_boundary_3rpm,,unspecified,0,0,,601,unspecified,9e1d9ee1240b64ea79e2f094af896700d4594cf52f94fe8655b732d6d5e37f73,datasets/putttrack_imu_dataset_20260904.zip::putttrack_imu_dataset_20260904/data/05_roller_official/roller-r2-boundary-o1-p003-r01.jsonl,0,unspecified,1
0,usable_fixture,False,0,0,05_roller_official,1256,True,roller-r2-boundary-o1-p005-r01,UNAVAILABLE,31346630496,exploratory_only,low_speed_boundary_5rpm,,unspecified,0,0,,501,unspecified,11509456ae3230bc86fc607150835713234b0499a0da4ca8c6b5581c7aa785e0,datasets/putttrack_imu_dataset_20260904.zip::putttrack_imu_dataset_20260904/data/05_roller_official/roller-r2-boundary-o1-p005-r01.jsonl,0,unspecified,1
0,usable_fixture,False,0,0,05_roller_official,1256,True,roller-r2-boundary-o1-p010-r01,UNAVAILABLE,31413550528,exploratory_only,low_speed_boundary_10rpm,,unspecified,0,0,,500,unspecified,004f2d62be6ea1c57ada8b19c15f88cdba4c980303a56305c56875e12524f11b,datasets/putttrack_imu_dataset_20260904.zip::putttrack_imu_dataset_20260904/data/05_roller_official/roller-r2-boundary-o1-p010-r01.jsonl,0,unspecified,1
1,usable_fixture,False,0,0,05_roller_official,1256,True,roller-r2-boundary-o1-p015-r01,UNAVAILABLE,31484550528,exploratory_only,low_speed_boundary_15rpm,,unspecified,0,0,,500,unspecified,faa1455055bca3ec619d05685d4a7a1faece550948a8877c8cbef86e75d408d8,datasets/putttrack_imu_dataset_20260904.zip::putttrack_imu_dataset_20260904/data/05_roller_official/roller-r2-boundary-o1-p015-r01.jsonl,0,unspecified,1
1,usable_fixture,False,0,0,05_roller_official,1256,True,roller-r2-boundary-o1-p020-r01,UNAVAILABLE,31559210496,exploratory_only,low_speed_boundary_20rpm,,unspecified,0,0,,501,unspecified,58f03bab50d8aad1464c167cb79b40325917f68978fb89d5ee14712411ef1afa,datasets/putttrack_imu_dataset_20260904.zip::putttrack_imu_dataset_20260904/data/05_roller_official/roller-r2-boundary-o1-p020-r01.jsonl,0,unspecified,1
0,usable_fixture,False,0,0,05_roller_official,1256,True,roller-r2-boundary-o1-p135-r01,UNAVAILABLE,31634010528,exploratory_only,roller_135rpm_high_boundary,,unspecified,0,0,,451,unspecified,d1562d16fda7ed96ef4d44153fb44e3b59a23b182e77e38f5ad893d91ef8dd2b,datasets/putttrack_imu_dataset_20260904.zip::putttrack_imu_dataset_20260904/data/05_roller_official/roller-r2-boundary-o1-p135-r01.jsonl,0,unspecified,1
0,usable_fixture,False,0,0,05_roller_official,1256,True,roller-r2-boundary-o1-p150-r01,UNAVAILABLE,31682870592,exploratory_only,roller_150rpm_high_boundary,,unspecified,0,0,,450,unspecified,2997146bbf24994c071f0964c8a56fb112b08776c12b38bb0c94651889b508b5,datasets/putttrack_imu_dataset_20260904.zip::putttrack_imu_dataset_20260904/data/05_roller_official/roller-r2-boundary-o1-p150-r01.jsonl,0,unspecified,1
0,usable_fixture,False,0,0,05_roller_official,1256,True,roller-r2-boundary-o1-p155-r01,UNAVAILABLE,31725550528,exploratory_only,roller_155rpm_high_boundary,,unspecified,0,0,,451,unspecified,a334d12dcce0555a9cc6b54acada4509ba96eb65e8f5516391ccc823491151dc,datasets/putttrack_imu_dataset_20260904.zip::putttrack_imu_dataset_20260904/data/05_roller_official/roller-r2-boundary-o1-p155-r01.jsonl,0,unspecified,1
1,usable_fixture,False,0,0,05_roller_official,1256,True,roller-r2-boundary-o1-p165-r01,UNAVAILABLE,31770570528,exploratory_only,roller_165rpm_high_boundary,,unspecified,0,0,,451,unspecified,097fd38746b58997807ca418acfefda353809bd50b08ecfcbf466df74d1c7772,datasets/putttrack_imu_dataset_20260904.zip::putttrack_imu_dataset_20260904/data/05_roller_official/roller-r2-boundary-o1-p165-r01.jsonl,0,unspecified,1
0,fixture_limit_test,False,0,10,05_roller_official,1256,True,roller-r2-boundary-o1-p180-r01,UNAVAILABLE,31817130496,exploratory_only,roller_180rpm_high_boundary,,unspecified,0,0,,451,unspecified,e752ef22ced050113ebeefbb93e06e9b52831f2b4d47cb39024f44a3dfa093f6,datasets/putttrack_imu_dataset_20260904.zip::putttrack_imu_dataset_20260904/data/05_roller_official/roller-r2-boundary-o1-p180-r01.jsonl,0,unspecified,1
7,usable_fixture,False,0,0,05_roller_official,1256,True,roller-r3-o1-n060-a000-r01,UNAVAILABLE,30505655520,exploratory_only,roller_-60rpm_accel000,,unspecified,0,0,,551,unspecified,d7d5204c2c8927f3da78e55e37b1e0ea73aae22bc8028353f941fe75f82baae4,datasets/putttrack_imu_dataset_20260904.zip::putttrack_imu_dataset_20260904/data/05_roller_official/roller-r3-o1-n060-a000-r01.jsonl,0,unspecified,1
6,usable_fixture,False,0,0,05_roller_official,1256,True,roller-r3-o1-n060-a000-r02,UNAVAILABLE,30652135488,exploratory_only,roller_-60rpm_accel000,,unspecified,0,0,,550,unspecified,383a8a76c7385b6082b4514a400ab11acedbcc6e1377216ababa95a7a54f8b86,datasets/putttrack_imu_dataset_20260904.zip::putttrack_imu_dataset_20260904/data/05_roller_official/roller-r3-o1-n060-a000-r02.jsonl,0,unspecified,1
6,usable_fixture,False,0,0,05_roller_official,1256,True,roller-r3-o1-n060-a000-r03,UNAVAILABLE,30797595552,exploratory_only,roller_-60rpm_accel000,,unspecified,0,0,,551,unspecified,7cd735173e380f6c28bc63e10fdb6178caec6bae2ad1a7801af9f5677480ed97,datasets/putttrack_imu_dataset_20260904.zip::putttrack_imu_dataset_20260904/data/05_roller_official/roller-r3-o1-n060-a000-r03.jsonl,0,unspecified,1
5,usable_fixture,False,0,0,05_roller_official,1256,True,roller-r3-o1-n060-a005-r01,UNAVAILABLE,30538075552,exploratory_only,roller_-60rpm_accel005,,unspecified,0,0,,550,unspecified,13e9dc7c65263208f85ac46a487d1b4e1f5f3561ab7c9c7d326abd60ccf67a6f,datasets/putttrack_imu_dataset_20260904.zip::putttrack_imu_dataset_20260904/data/05_roller_official/roller-r3-o1-n060-a005-r01.jsonl,0,unspecified,1
5,usable_fixture,False,0,0,05_roller_official,1256,True,roller-r3-o1-n060-a005-r02,UNAVAILABLE,30687035584,exploratory_only,roller_-60rpm_accel005,,unspecified,0,0,,550,unspecified,02db70bef47705750d4c9b840103b801a0d72d89b416e7342327932f6a5ea396,datasets/putttrack_imu_dataset_20260904.zip::putttrack_imu_dataset_20260904/data/05_roller_official/roller-r3-o1-n060-a005-r02.jsonl,0,unspecified,1
3,usable_fixture,False,0,0,05_roller_official,1256,True,roller-r3-o1-n060-a005-r03,UNAVAILABLE,30831555520,exploratory_only,roller_-60rpm_accel005,,unspecified,0,0,,551,unspecified,9843a1c1dd1a26ed07dbb1ac88a9561f7c1dfcc61e93c0d01b117f54df6e5d61,datasets/putttrack_imu_dataset_20260904.zip::putttrack_imu_dataset_20260904/data/05_roller_official/roller-r3-o1-n060-a005-r03.jsonl,0,unspecified,1
3,usable_fixture,False,0,0,05_roller_official,1256,True,roller-r3-o1-n060-a020-r01,UNAVAILABLE,30582535552,exploratory_only,roller_-60rpm_accel020,,unspecified,0,0,,551,unspecified,a4a9c0620dcf8fc5e58872cc84d009d96980269d8548376aa7092d316b459959,datasets/putttrack_imu_dataset_20260904.zip::putttrack_imu_dataset_20260904/data/05_roller_official/roller-r3-o1-n060-a020-r01.jsonl,0,unspecified,1
3,usable_fixture,False,0,0,05_roller_official,1256,True,roller-r3-o1-n060-a020-r02,UNAVAILABLE,30725155584,exploratory_only,roller_-60rpm_accel020,,unspecified,0,0,,550,unspecified,cbd4b72db76f3c4b20a422f5af89e64c87f22ca5d6e46213e46fb230901465e5,datasets/putttrack_imu_dataset_20260904.zip::putttrack_imu_dataset_20260904/data/05_roller_official/roller-r3-o1-n060-a020-r02.jsonl,0,unspecified,1
3,usable_fixture,False,0,0,05_roller_official,1256,True,roller-r3-o1-n060-a020-r03,UNAVAILABLE,30865415552,exploratory_only,roller_-60rpm_accel020,,unspecified,0,0,,550,unspecified,c60de5a79712ffc7341f01103043ff77da1e7ff8ebf55476c499b9b7a39ace84,datasets/putttrack_imu_dataset_20260904.zip::putttrack_imu_dataset_20260904/data/05_roller_official/roller-r3-o1-n060-a020-r03.jsonl,0,unspecified,1
5,usable_fixture,False,0,0,05_roller_official,1256,True,roller-r3-o1-n060-a080-r01,UNAVAILABLE,30615175552,exploratory_only,roller_-60rpm_accel080,,unspecified,0,0,,550,unspecified,44e371454d94b6b77d9e312958b894350cd4543a5542ba10cb3d900c3694f1da,datasets/putttrack_imu_dataset_20260904.zip::putttrack_imu_dataset_20260904/data/05_roller_official/roller-r3-o1-n060-a080-r01.jsonl,0,unspecified,1
5,usable_fixture,False,0,0,05_roller_official,1256,True,roller-r3-o1-n060-a080-r02,UNAVAILABLE,30761895744,exploratory_only,roller_-60rpm_accel080,,unspecified,0,0,,550,unspecified,dd4723f171232b29fadda47acc1d077596a030054277489fa0fa9cc25d099d08,datasets/putttrack_imu_dataset_20260904.zip::putttrack_imu_dataset_20260904/data/05_roller_official/roller-r3-o1-n060-a080-r02.jsonl,0,unspecified,1
7,usable_fixture,False,0,0,05_roller_official,1256,True,roller-r3-o1-n060-a080-r03,UNAVAILABLE,30898615904,exploratory_only,roller_-60rpm_accel080,,unspecified,0,0,,550,unspecified,35d40f6a12763540945b37f8b54d1840d7c272991e5fcb81e292e061d092e522,datasets/putttrack_imu_dataset_20260904.zip::putttrack_imu_dataset_20260904/data/05_roller_official/roller-r3-o1-n060-a080-r03.jsonl,0,unspecified,1
9,usable_fixture,False,0,0,05_roller_official,1256,True,roller-r3-o1-p060-a000-r01,UNAVAILABLE,29916527520,exploratory_only,roller_60rpm_accel000,,unspecified,0,0,,551,unspecified,314f862bbff6bf139b7610b4a3e7011ca8cec2ffb199db848fd607c748a2d49a,datasets/putttrack_imu_dataset_20260904.zip::putttrack_imu_dataset_20260904/data/05_roller_official/roller-r3-o1-p060-a000-r01.jsonl,0,unspecified,1
7,usable_fixture,False,0,0,05_roller_official,1256,True,roller-r3-o1-p060-a000-r02,UNAVAILABLE,29993927552,exploratory_only,roller_60rpm_accel000,,unspecified,0,0,,550,unspecified,fde416ccd3be9015aa053303cd6e9380a2cc7c9986186ea0edb77c928f82abc7,datasets/putttrack_imu_dataset_20260904.zip::putttrack_imu_dataset_20260904/data/05_roller_official/roller-r3-o1-p060-a000-r02.jsonl,0,unspecified,1
5,usable_fixture,False,0,0,05_roller_official,1256,True,roller-r3-o1-p060-a000-r03,UNAVAILABLE,30132847552,exploratory_only,roller_60rpm_accel000,,unspecified,0,0,,551,unspecified,376fd4c58238d157985cd050731d8289e73d5066b89e134dac9282f58e875c7d,datasets/putttrack_imu_dataset_20260904.zip::putttrack_imu_dataset_20260904/data/05_roller_official/roller-r3-o1-p060-a000-r03.jsonl,0,unspecified,1
4,usable_fixture,False,0,0,05_roller_official,1256,True,roller-r3-o1-p060-a005-r01,UNAVAILABLE,29777747520,exploratory_only,roller_60rpm_accel005,,unspecified,0,0,,551,unspecified,05e896f97cfa15fae782df6db731352d1efacdb35c6c10f550aaf4ab68349238,datasets/putttrack_imu_dataset_20260904.zip::putttrack_imu_dataset_20260904/data/05_roller_official/roller-r3-o1-p060-a005-r01.jsonl,0,unspecified,1
7,usable_fixture,False,0,0,05_roller_official,1256,True,roller-r3-o1-p060-a005-r02,UNAVAILABLE,30029227552,exploratory_only,roller_60rpm_accel005,,unspecified,0,0,,550,unspecified,fbdc5461ae2cbbcaeec3946c6fb244f77fc4053dfd101df677effd3b137d62a1,datasets/putttrack_imu_dataset_20260904.zip::putttrack_imu_dataset_20260904/data/05_roller_official/roller-r3-o1-p060-a005-r02.jsonl,0,unspecified,1
6,usable_fixture,False,0,0,05_roller_official,1256,True,roller-r3-o1-p060-a005-r03,UNAVAILABLE,30170487552,exploratory_only,roller_60rpm_accel005,,unspecified,0,0,,550,unspecified,3e28beaefca22781ec04445ecc071ca4daabb256dda32bf731166286a537ea8b,datasets/putttrack_imu_dataset_20260904.zip::putttrack_imu_dataset_20260904/data/05_roller_official/roller-r3-o1-p060-a005-r03.jsonl,0,unspecified,1
6,usable_fixture,False,0,0,05_roller_official,1256,True,roller-r3-o1-p060-a020-r01,UNAVAILABLE,29821787616,exploratory_only,roller_60rpm_accel020,,unspecified,0,0,,550,unspecified,36f21a6429128e81512523bd40a63a7a55694211015e2aac5d68c7ed56f182a3,datasets/putttrack_imu_dataset_20260904.zip::putttrack_imu_dataset_20260904/data/05_roller_official/roller-r3-o1-p060-a020-r01.jsonl,0,unspecified,1
8,usable_fixture,False,0,0,05_roller_official,1256,True,roller-r3-o1-p060-a020-r02,UNAVAILABLE,30066347840,exploratory_only,roller_60rpm_accel020,,unspecified,0,0,,550,unspecified,ad78b9ce6894e248c4c16123ca05b770ea16e302086b03ceb344d8c0fb421a35,datasets/putttrack_imu_dataset_20260904.zip::putttrack_imu_dataset_20260904/data/05_roller_official/roller-r3-o1-p060-a020-r02.jsonl,0,unspecified,1
6,usable_fixture,False,0,0,05_roller_official,1256,True,roller-r3-o1-p060-a020-r03,UNAVAILABLE,30203147552,exploratory_only,roller_60rpm_accel020,,unspecified,0,0,,551,unspecified,b55e8c5056710f143e396b9177107ffb08b16d52ccdb4309c94e30eaebd1c292,datasets/putttrack_imu_dataset_20260904.zip::putttrack_imu_dataset_20260904/data/05_roller_official/roller-r3-o1-p060-a020-r03.jsonl,0,unspecified,1
6,usable_fixture,False,0,0,05_roller_official,1256,True,roller-r3-o1-p060-a080-r01,UNAVAILABLE,29861447840,exploratory_only,roller_60rpm_accel080,,unspecified,0,0,,550,unspecified,1f89f61d5ed7ca29ea6dbc0385c1fc42ae844e1eba1897ec202706fe28f04ac6,datasets/putttrack_imu_dataset_20260904.zip::putttrack_imu_dataset_20260904/data/05_roller_official/roller-r3-o1-p060-a080-r01.jsonl,0,unspecified,1
5,usable_fixture,False,0,0,05_roller_official,1256,True,roller-r3-o1-p060-a080-r02,UNAVAILABLE,30100347584,exploratory_only,roller_60rpm_accel080,,unspecified,0,0,,550,unspecified,6b2beff9c5af0ffeee8aba22c9cb0e97c2787938b5ca9e98a7767e0729bcc412,datasets/putttrack_imu_dataset_20260904.zip::putttrack_imu_dataset_20260904/data/05_roller_official/roller-r3-o1-p060-a080-r02.jsonl,0,unspecified,1
6,usable_fixture,False,0,0,05_roller_official,1256,True,roller-r3-o1-p060-a080-r03,UNAVAILABLE,30247127552,exploratory_only,roller_60rpm_accel080,,unspecified,0,0,,551,unspecified,1c817444e268e71457cd010d943426f19f0830b6b319ade715a3ceac4cbcdc28,datasets/putttrack_imu_dataset_20260904.zip::putttrack_imu_dataset_20260904/data/05_roller_official/roller-r3-o1-p060-a080-r03.jsonl,0,unspecified,1
6,usable_fixture,False,0,0,05_roller_official,1256,True,roller-r4-o1-n060-d000-r01,UNAVAILABLE,32332450528,exploratory_only,roller_-60rpm_decel000,,unspecified,0,0,,601,unspecified,5ecdb827c47d5826fe9043e3da1a4092d6d11a7364f0e658b921d8ad4b3a3640,datasets/putttrack_imu_dataset_20260904.zip::putttrack_imu_dataset_20260904/data/05_roller_official/roller-r4-o1-n060-d000-r01.jsonl,0,unspecified,1
3,usable_fixture,False,0,0,05_roller_official,1256,True,roller-r4-o1-n060-d005-r01,UNAVAILABLE,32368530688,exploratory_only,roller_-60rpm_decel005,,unspecified,0,0,,600,unspecified,bf6e46b3f79f0a8596432b32ff5b8b53751dc476701db427e31e50df1b107870,datasets/putttrack_imu_dataset_20260904.zip::putttrack_imu_dataset_20260904/data/05_roller_official/roller-r4-o1-n060-d005-r01.jsonl,0,unspecified,1
4,usable_fixture,False,0,0,05_roller_official,1256,True,roller-r4-o1-n060-d020-r01,UNAVAILABLE,32403550528,exploratory_only,roller_-60rpm_decel020,,unspecified,0,0,,601,unspecified,4750076405806247aaa6e689f5f598bb32473b120942b0670d751e997fbc38a4,datasets/putttrack_imu_dataset_20260904.zip::putttrack_imu_dataset_20260904/data/05_roller_official/roller-r4-o1-n060-d020-r01.jsonl,0,unspecified,0
3,usable_fixture,False,0,0,05_roller_official,1256,True,roller-r4-o1-n060-d080-r01,UNAVAILABLE,32437390816,exploratory_only,roller_-60rpm_decel080,,unspecified,0,0,,600,unspecified,75aafa364775474e0f74106614893e14fc929699145902788623f28e3706301e,datasets/putttrack_imu_dataset_20260904.zip::putttrack_imu_dataset_20260904/data/05_roller_official/roller-r4-o1-n060-d080-r01.jsonl,0,unspecified,1
1,usable_fixture,False,0,0,05_roller_official,1256,True,roller-r4-o1-n120-d005-r01,UNAVAILABLE,32555410528,exploratory_only,roller_-120rpm_decel005,,unspecified,0,0,,650,unspecified,fb46d002bd2c4fcc4945a190846237a8559ba5e35728c6ee0a78844a78b8786c,datasets/putttrack_imu_dataset_20260904.zip::putttrack_imu_dataset_20260904/data/05_roller_official/roller-r4-o1-n120-d005-r01.jsonl,0,unspecified,1
0,usable_fixture,False,0,0,05_roller_official,1256,True,roller-r4-o1-n120-d080-r01,UNAVAILABLE,32590530528,exploratory_only,roller_-120rpm_decel080,,unspecified,0,0,,650,unspecified,078befac012560094c61fbde78b5d1895b297c66bb0516c9a0f64ab7f8c474ca,datasets/putttrack_imu_dataset_20260904.zip::putttrack_imu_dataset_20260904/data/05_roller_official/roller-r4-o1-n120-d080-r01.jsonl,0,unspecified,1
1,usable_fixture,False,0,0,05_roller_official,1256,True,roller-r4-o1-p030-d005-r01,UNAVAILABLE,31292510528,exploratory_only,roller_30rpm_decel005,,unspecified,0,0,,600,unspecified,96434f0392d27f258f54cb4c3365a6ebbc9013791e6e74c1624e7e417d1d3598,datasets/putttrack_imu_dataset_20260904.zip::putttrack_imu_dataset_20260904/data/05_roller_official/roller-r4-o1-p030-d005-r01.jsonl,0,unspecified,1
3,usable_fixture,False,0,0,05_roller_official,1256,True,roller-r4-o1-p060-d000-r01,UNAVAILABLE,32186510528,exploratory_only,roller_60rpm_decel000,,unspecified,0,0,,600,unspecified,f7079b4b0ea7eec37f58f473d178faa3e034a6bf9af9c39e21d0713386b5b26c,datasets/putttrack_imu_dataset_20260904.zip::putttrack_imu_dataset_20260904/data/05_roller_official/roller-r4-o1-p060-d000-r01.jsonl,0,unspecified,1
8,usable_fixture,False,0,0,05_roller_official,1256,True,roller-r4-o1-p060-d005-r01,UNAVAILABLE,32224430528,exploratory_only,roller_60rpm_decel005,,unspecified,0,0,,600,unspecified,740820c1588166bd95315c829850d976501885a89b40895ff71e7730d6d2ff28,datasets/putttrack_imu_dataset_20260904.zip::putttrack_imu_dataset_20260904/data/05_roller_official/roller-r4-o1-p060-d005-r01.jsonl,0,unspecified,1
8,usable_fixture,False,0,0,05_roller_official,1256,True,roller-r4-o1-p060-d020-r01,UNAVAILABLE,32260050528,exploratory_only,roller_60rpm_decel020,,unspecified,0,0,,600,unspecified,acb978824868b2fad9d34ef10372a07383a2ae26ddb537a92cf01c6446c98e7c,datasets/putttrack_imu_dataset_20260904.zip::putttrack_imu_dataset_20260904/data/05_roller_official/roller-r4-o1-p060-d020-r01.jsonl,0,unspecified,1
5,usable_fixture,False,0,0,05_roller_official,1256,True,roller-r4-o1-p060-d080-r01,UNAVAILABLE,32296790528,exploratory_only,roller_60rpm_decel080,,unspecified,0,0,,600,unspecified,de440cfc54552df25480804a05b4198951c3025e27cf981be9d6cfde29b25fcf,datasets/putttrack_imu_dataset_20260904.zip::putttrack_imu_dataset_20260904/data/05_roller_official/roller-r4-o1-p060-d080-r01.jsonl,0,unspecified,1
2,usable_fixture,False,0,0,05_roller_official,1256,True,roller-r4-o1-p120-d005-r01,UNAVAILABLE,32480510528,exploratory_only,roller_120rpm_decel005,,unspecified,0,0,,650,unspecified,b11af9aacb4ebf51191d688d0a2aee3a46ae0e638a1a3443733814fc1568d88a,datasets/putttrack_imu_dataset_20260904.zip::putttrack_imu_dataset_20260904/data/05_roller_official/roller-r4-o1-p120-d005-r01.jsonl,0,unspecified,1
0,usable_fixture,False,0,0,05_roller_official,1256,True,roller-r4-o1-p120-d080-r01,UNAVAILABLE,32520690528,exploratory_only,roller_120rpm_decel080,,unspecified,0,0,,650,unspecified,5c4197a909e7b7fbefe783deb9c70c190a8e0a29cd0275c4284221265e566f1e,datasets/putttrack_imu_dataset_20260904.zip::putttrack_imu_dataset_20260904/data/05_roller_official/roller-r4-o1-p120-d080-r01.jsonl,0,unspecified,1
1,usable_fixture,False,0,0,05_roller_official,1256,True,roller-r5-o1-n120-long10-r01,UNAVAILABLE,32976170496,exploratory_only,roller_-120rpm_long10,,unspecified,0,0,,750,unspecified,8141274236d3863164ea60204027de33a23d3d0feadc9d01da8077c877723b7c,datasets/putttrack_imu_dataset_20260904.zip::putttrack_imu_dataset_20260904/data/05_roller_official/roller-r5-o1-n120-long10-r01.jsonl,0,unspecified,1
14,usable_fixture,False,0,0,05_roller_official,1256,True,roller-r5-o1-n60-long10-r01,UNAVAILABLE,32898590752,exploratory_only,roller_-60rpm_long10,,unspecified,0,0,,750,unspecified,8eef3df1cecb9b223fb6e250c76192fd5f97a9be6aa56410b7e2499c84364515,datasets/putttrack_imu_dataset_20260904.zip::putttrack_imu_dataset_20260904/data/05_roller_official/roller-r5-o1-n60-long10-r01.jsonl,0,unspecified,1
0,usable_fixture,False,0,0,05_roller_official,1256,True,roller-r5-o1-p120-long10-r01,UNAVAILABLE,32937430528,exploratory_only,roller_120rpm_long10,,unspecified,0,0,,750,unspecified,6a121389c73a91cadc742032193cc7156d01eb6abcb8a53f0fcd85c3d9984f2c,datasets/putttrack_imu_dataset_20260904.zip::putttrack_imu_dataset_20260904/data/05_roller_official/roller-r5-o1-p120-long10-r01.jsonl,0,unspecified,1
21,usable_fixture,False,0,0,05_roller_official,1256,True,roller-r5-o1-p60-long10-r01,UNAVAILABLE,32861650528,exploratory_only,roller_60rpm_long10,,unspecified,0,0,,750,unspecified,f5fecde4fac098082626ab56b4f1d56c48a90be10992c691a2fdcf00f5e455e3,datasets/putttrack_imu_dataset_20260904.zip::putttrack_imu_dataset_20260904/data/05_roller_official/roller-r5-o1-p60-long10-r01.jsonl,0,unspecified,1
3,legacy_exploratory,False,0,0,06_field_pickup,1256,True,field-20260904-123003-1-pickup_carry-r01,UNAVAILABLE,36576700544,exploratory_only,pickup_carry,,unspecified,1,0,,650,unspecified,819ddc1b77ee1be104b30568b7354efeb9829993c8bc58fdee7875d0dab7d7ea,datasets/putttrack_imu_dataset_20260904.zip::putttrack_imu_dataset_20260904/data/06_field_pickup/field-20260904-123003-1-pickup_carry-r01.jsonl,0,unspecified,0
4,legacy_exploratory,False,0,0,06_field_pickup,1256,True,field-20260904-123003-1-pickup_carry-r02,UNAVAILABLE,36639000544,exploratory_only,pickup_carry,,unspecified,0,0,,650,unspecified,62075e2769762ca9395073c295643ed7d471667f39bcb207ab053fb4a945edcc,datasets/putttrack_imu_dataset_20260904.zip::putttrack_imu_dataset_20260904/data/06_field_pickup/field-20260904-123003-1-pickup_carry-r02.jsonl,0,unspecified,0
1,usable_exploratory,False,0,0,06_field_pickup,1256,True,field-20260904-130555-pickup_carry-r01,UNAVAILABLE,38142069536,exploratory_only,pickup_carry,,unspecified,1,0,,651,unspecified,191d948b968d5168fbb591dfceb4a434c7cbc91df35a2ba90fe6af2e9fb81cf6,datasets/putttrack_imu_dataset_20260904.zip::putttrack_imu_dataset_20260904/data/06_field_pickup/field-20260904-130555-pickup_carry-r01.jsonl,0,unspecified,0
2,usable_exploratory,False,0,0,06_field_pickup,1256,True,field-20260904-130555-pickup_carry-r02,UNAVAILABLE,38194049504,exploratory_only,pickup_carry,,unspecified,1,0,,651,unspecified,8704d7b15c6f08ca21b66d32ecba184b0d7ff4f1ed4f51748632d69679b4b1a2,datasets/putttrack_imu_dataset_20260904.zip::putttrack_imu_dataset_20260904/data/06_field_pickup/field-20260904-130555-pickup_carry-r02.jsonl,0,unspecified,0
6,usable_exploratory,False,0,0,06_field_pickup,1256,True,field-20260904-130555-pickup_carry-r03,UNAVAILABLE,38248529536,exploratory_only,pickup_carry,,unspecified,1,0,,651,unspecified,116f3fba9328d56993608d3d2c89fc7a3b1a865a65519b6570fb2c2f28e352be,datasets/putttrack_imu_dataset_20260904.zip::putttrack_imu_dataset_20260904/data/06_field_pickup/field-20260904-130555-pickup_carry-r03.jsonl,0,unspecified,0
3,usable_exploratory,False,0,0,06_field_pickup,1256,True,field-20260904-130555-pickup_carry-r04,UNAVAILABLE,38287749536,exploratory_only,pickup_carry,,unspecified,1,0,,651,unspecified,c6047a20304edcdbd1b0d52726a9a40204e670fd087265ce216789957e3797e2,datasets/putttrack_imu_dataset_20260904.zip::putttrack_imu_dataset_20260904/data/06_field_pickup/field-20260904-130555-pickup_carry-r04.jsonl,0,unspecified,0
2,usable_exploratory,False,0,0,06_field_pickup,1256,True,field-20260904-130555-pickup_carry-r05,UNAVAILABLE,38340209536,exploratory_only,pickup_carry,,unspecified,1,0,,651,unspecified,49a9b13db1571f5a61eeb37ad7e6cc12cac5856d083460a36ce0f24c68b032c3,datasets/putttrack_imu_dataset_20260904.zip::putttrack_imu_dataset_20260904/data/06_field_pickup/field-20260904-130555-pickup_carry-r05.jsonl,0,unspecified,0
2,usable_exploratory,False,0,0,06_field_pickup,1256,True,field-20260904-130555-pickup_carry-r06,UNAVAILABLE,38428509856,exploratory_only,pickup_carry,,unspecified,1,0,,650,unspecified,af3d1c7805c8a28f9432ddef59e825a218430b0cc7fc849663865e15df870d85,datasets/putttrack_imu_dataset_20260904.zip::putttrack_imu_dataset_20260904/data/06_field_pickup/field-20260904-130555-pickup_carry-r06.jsonl,0,unspecified,0
3,usable_with_timing_warning,False,0,0,06_field_pickup,1256,True,field-20260904-130555-pickup_carry-r07,UNAVAILABLE,38478869568,exploratory_only,pickup_carry,,unspecified,0,0,,650,unspecified,8b10f287b12f99198a2b4ccd101582baeff07ca70d4fce7a94f7f7f07960ebe8,datasets/putttrack_imu_dataset_20260904.zip::putttrack_imu_dataset_20260904/data/06_field_pickup/field-20260904-130555-pickup_carry-r07.jsonl,0,unspecified,0
2,usable_exploratory,False,0,0,06_field_pickup,1256,True,field-20260904-130555-pickup_carry-r08,UNAVAILABLE,38520289504,exploratory_only,pickup_carry,,unspecified,1,0,,650,unspecified,e8f49b3391f655d3d5aa698b076fe088b4828121ae4c0e65924aa049c51169eb,datasets/putttrack_imu_dataset_20260904.zip::putttrack_imu_dataset_20260904/data/06_field_pickup/field-20260904-130555-pickup_carry-r08.jsonl,0,unspecified,0
0,usable_with_timing_warning,False,0,0,06_field_pickup,1256,False,field-20260904-130555-pickup_carry-r09,UNAVAILABLE,38585229504,exploratory_only,pickup_carry,,unspecified,1,0,,650,unspecified,62ebde9c682056d54a8365ee5d6d2b59cf9763467de9fbaa3856b18d448b7fb0,datasets/putttrack_imu_dataset_20260904.zip::putttrack_imu_dataset_20260904/data/06_field_pickup/field-20260904-130555-pickup_carry-r09.jsonl,0,unspecified,0
4,usable_exploratory,False,0,0,06_field_pickup,1256,True,field-20260904-130555-pickup_carry-r10,UNAVAILABLE,38640329536,exploratory_only,pickup_carry,,unspecified,1,0,,651,unspecified,da7f3d6f423d8fc1a308c601b7f603a3231aa4cb5c0b4931aa0e380be8edd7c6,datasets/putttrack_imu_dataset_20260904.zip::putttrack_imu_dataset_20260904/data/06_field_pickup/field-20260904-130555-pickup_carry-r10.jsonl,0,unspecified,0
0,mixed_suspected_collision,False,0,50,07_field_putt,1256,False,field-20260904-132804-1-putt_normal-r01,UNAVAILABLE,39979847552,exploratory_only,putt_normal,,unspecified,0,0,,750,unspecified,eb1ec146a2017ae54c8434e29371f57c6acc619c5a413d63c6f3a21dc9e18935,datasets/putttrack_imu_dataset_20260904.zip::putttrack_imu_dataset_20260904/data/07_field_putt/field-20260904-132804-1-putt_normal-r01.jsonl,1,unspecified,0
0,mixed_suspected_collision,False,0,64,07_field_putt,1256,False,field-20260904-132804-1-putt_normal-r02,UNAVAILABLE,40046967552,exploratory_only,putt_normal,,unspecified,0,0,,750,unspecified,d7d4983485d424ca243cbc6329fc5c2fc0c85d3282ca9ab6ac63fce8d823e8bf,datasets/putttrack_imu_dataset_20260904.zip::putttrack_imu_dataset_20260904/data/07_field_putt/field-20260904-132804-1-putt_normal-r02.jsonl,1,unspecified,0
0,mixed_suspected_collision,False,0,45,07_field_putt,1256,False,field-20260904-132804-1-putt_normal-r03,UNAVAILABLE,40092067552,exploratory_only,putt_normal,,unspecified,0,0,,751,unspecified,4cc111d95cf4e10d3ccf57b5cac5ad7b9c7d98d393c72bb1f89f6e9dbeb9e2fc,datasets/putttrack_imu_dataset_20260904.zip::putttrack_imu_dataset_20260904/data/07_field_putt/field-20260904-132804-1-putt_normal-r03.jsonl,1,unspecified,0
2,mixed_suspected_collision,False,0,52,07_field_putt,1256,True,field-20260904-132804-1-putt_normal-r04,UNAVAILABLE,40235267552,exploratory_only,putt_normal,,unspecified,0,0,,750,unspecified,b1437ae9e1e24d809b393f3d19e6b92be8bf89c6de3689336a04cb3839c0acaa,datasets/putttrack_imu_dataset_20260904.zip::putttrack_imu_dataset_20260904/data/07_field_putt/field-20260904-132804-1-putt_normal-r04.jsonl,1,unspecified,0
0,invalid_no_motion,False,0,0,07_field_putt,1256,False,field-20260904-132804-1-putt_normal-r05,UNAVAILABLE,40476767520,exploratory_only,putt_normal,,unspecified,0,0,,751,unspecified,3a9f50512cb2a8f5d20cf9786f8ab97f70349d09fbb399c2c04406383679c904,datasets/putttrack_imu_dataset_20260904.zip::putttrack_imu_dataset_20260904/data/07_field_putt/field-20260904-132804-1-putt_normal-r05.jsonl,0,unspecified,0
1,invalid_timing_or_action,False,0,0,07_field_putt,1256,True,field-20260904-132804-1-putt_normal-r06,UNAVAILABLE,40599707584,exploratory_only,putt_normal,,unspecified,0,0,,750,unspecified,0e1c82f37a8eb87a3b329e6f37d21c3022d057bb0777b6d07ec2f9ece1c13176,datasets/putttrack_imu_dataset_20260904.zip::putttrack_imu_dataset_20260904/data/07_field_putt/field-20260904-132804-1-putt_normal-r06.jsonl,0,unspecified,0
0,usable_clean_candidate,False,0,20,07_field_putt,1256,False,field-20260904-132804-1-putt_normal-r07,UNAVAILABLE,40664187520,exploratory_only,putt_normal,,unspecified,0,0,,750,unspecified,e4415534d42f8f2275187b275351744395db6e0d622c47f02a68ec9a630ae689,datasets/putttrack_imu_dataset_20260904.zip::putttrack_imu_dataset_20260904/data/07_field_putt/field-20260904-132804-1-putt_normal-r07.jsonl,1,unspecified,0
1,usable_with_timing_warning,False,0,19,07_field_putt,1256,True,field-20260904-132804-1-putt_normal-r08,UNAVAILABLE,40867307552,exploratory_only,putt_normal,,unspecified,0,0,,751,unspecified,cea47686fb1b7a12212f9dbfc7ec8c98ecb01c10ec1d107e186a5584911f5711,datasets/putttrack_imu_dataset_20260904.zip::putttrack_imu_dataset_20260904/data/07_field_putt/field-20260904-132804-1-putt_normal-r08.jsonl,1,unspecified,0
0,usable_clean_candidate,False,0,55,07_field_putt,1256,False,field-20260904-132804-1-putt_normal-r09,UNAVAILABLE,41169347552,exploratory_only,putt_normal,,unspecified,0,0,,750,unspecified,bb06691a9cda9596a1d540c5ff4543832746d02cc2e7d6ff2c4fc867ddac8e1d,datasets/putttrack_imu_dataset_20260904.zip::putttrack_imu_dataset_20260904/data/07_field_putt/field-20260904-132804-1-putt_normal-r09.jsonl,1,unspecified,0
0,usable_clean_candidate,False,0,20,07_field_putt,1256,False,field-20260904-132804-1-putt_normal-r10,UNAVAILABLE,41243827520,exploratory_only,putt_normal,,unspecified,0,0,,750,unspecified,5ab881e8d0e93647ed7b19661fa641527df6827c8e296b8a164fab4cb84487e5,datasets/putttrack_imu_dataset_20260904.zip::putttrack_imu_dataset_20260904/data/07_field_putt/field-20260904-132804-1-putt_normal-r10.jsonl,1,unspecified,0
0,invalid_label,False,0,0,90_diagnostic_or_invalid,1256,False,field-20260904-125536-pickup_carry-r01.failed-20260904-125643-138524,UNAVAILABLE,37514535552,exploratory_only,pickup_carry,,unspecified,0,0,,651,unspecified,bbd3f806eced1fb17df9e3a9a1acc182da62f707381a83d9d2dc6261b03259ec,datasets/putttrack_imu_dataset_20260904.zip::putttrack_imu_dataset_20260904/data/90_diagnostic_or_invalid/field-20260904-125536-pickup_carry-r01.failed-20260904-125643-138524.jsonl,0,unspecified,0
0,invalid_label,False,0,0,90_diagnostic_or_invalid,1256,False,field-go-handshake-smoke-20260904-pickup_drop-r01.failed-20260904-130422-639661,UNAVAILABLE,37979244800,exploratory_only,pickup_drop,,unspecified,0,0,,650,unspecified,3769eef2a767042ce365e8b6fb813ecd9c230e21dcebe732c20896d90eb869c0,datasets/putttrack_imu_dataset_20260904.zip::putttrack_imu_dataset_20260904/data/90_diagnostic_or_invalid/field-go-handshake-smoke-20260904-pickup_drop-r01.failed-20260904-130422-639661.jsonl,0,unspecified,0
0,transport_failure,False,0,0,90_diagnostic_or_invalid,1256,True,roller-r1-120rpm-3s-live-r02,UNAVAILABLE,,exploratory_only,roller_120rpm_live,,unspecified,0,8,capture_result_failed,3948,unspecified,a56481b1a258229586bd14d76ea7fa29ddafa3d5694c39e0d7e25b67887d3c1c,datasets/putttrack_imu_dataset_20260904.zip::putttrack_imu_dataset_20260904/data/90_diagnostic_or_invalid/roller-r1-120rpm-3s-live-r02.jsonl,0,unspecified,1
0,,False,0,0,reviewed,1256,False,stationary-o1-r01,UNAVAILABLE,,exploratory_only,stationary,experiments/research_ball_r0_stationary/manifest.json,unspecified,0,0,,1024,20260903-A,9f4e45f69fe07991a9c0f6f55339e17bf1d5d3e2491b6c90364e9ed2617a2898,experiments/research_ball_r0_stationary/raw/stationary-o1-r01.jsonl,0,unspecified,0
0,,False,0,0,reviewed,1256,False,stationary-o2-r01,UNAVAILABLE,,exploratory_only,stationary,experiments/research_ball_r0_stationary/manifest.json,unspecified,0,0,,1024,20260903-A,db87ffd8feb16a676779c6c567dc7ba0dc269345d75b3ea1d6c33a4445750258,experiments/research_ball_r0_stationary/raw/stationary-o2-r01.jsonl,0,unspecified,0
0,,False,0,0,reviewed,1256,False,armed-stationary-smoke-r01,UNAVAILABLE,22029318496,post_GO_operator_proxy,stationary,experiments/research_ball_r1_manual_floor/manifest.json,unspecified,0,0,,400,20260903-B,156dabc150c147ceafe5f4d87444bdfb44246b2ae190d7c03099e93fa863c5de,experiments/research_ball_r1_manual_floor/raw/armed-stationary-smoke-r01.jsonl,0,flat-floor-unspecified,0
1,,False,0,0,reviewed,1256,True,pickup-carry-r01,UNAVAILABLE,,exploratory_only,pickup_carry,experiments/research_ball_r1_manual_floor/manifest.json,unspecified,1,0,,1024,20260903-B,25e3967efd5b56aa08a6e01cac693ac1a8971f74640481c579e3fa01cbbf7d16,experiments/research_ball_r1_manual_floor/raw/pickup-carry-r01.jsonl,0,flat-floor-unspecified,0
7,,False,0,0,reviewed,1256,True,restrained-repeated-taps-r01,UNAVAILABLE,,exploratory_only,impact_tap,experiments/research_ball_r1_manual_floor/manifest.json,unspecified,0,0,,1024,20260903-B,8a02d252a2761246dcf5f591fed9de158cfc63f5e1fc2e67d64b3bb6ebb0dce9,experiments/research_ball_r1_manual_floor/raw/restrained-repeated-taps-r01.jsonl,0,flat-floor-unspecified,0
1,,False,0,0,reviewed,1256,True,roll-manual-light-r01,UNAVAILABLE,,exploratory_only,rolling,experiments/research_ball_r1_manual_floor/manifest.json,unspecified,0,0,,1024,20260903-B,c85593691850eee622f6e5b8ee02c17e4617598d11350d75d6eefccfd618674e,experiments/research_ball_r1_manual_floor/raw/roll-manual-light-r01.jsonl,1,flat-floor-unspecified,0
1,,False,0,0,reviewed,1256,True,roll-manual-medium-r01,UNAVAILABLE,,exploratory_only,rolling,experiments/research_ball_r1_manual_floor/manifest.json,unspecified,0,0,,1024,20260903-B,f10bb725c8416493b36849992d5eb4679b74fa4b6e9e55704ebf50ffe4d77d6a,experiments/research_ball_r1_manual_floor/raw/roll-manual-medium-r01.jsonl,1,flat-floor-unspecified,0
0,,False,0,0,reviewed,1256,False,stationary-post-r01,UNAVAILABLE,,exploratory_only,stationary,experiments/research_ball_r1_manual_floor/manifest.json,unspecified,0,0,,1024,20260903-B,773c561727add22cb755ad793f7423ec254dc37d7edcf760ec7707b5d1c60654,experiments/research_ball_r1_manual_floor/raw/stationary-post-r01.jsonl,0,flat-floor-unspecified,0
0,,False,0,0,reviewed,1256,False,stationary-pre-r01,UNAVAILABLE,,exploratory_only,stationary,experiments/research_ball_r1_manual_floor/manifest.json,unspecified,0,0,,1024,20260903-B,58bbc7ec7deb99088a44bf41c862c9b00728f58ef4b1fc863aa8934619d84f86,experiments/research_ball_r1_manual_floor/raw/stationary-pre-r01.jsonl,0,flat-floor-unspecified,0
0,,False,0,0,reviewed,1256,True,handling-touch-r01,UNAVAILABLE,161944544,post_GO_operator_proxy,handling,experiments/research_ball_r1_pickup_precision_1a/manifest.json,A,0,0,,550,pickup-precision-1a-20260904-183730,9b2aae6b150e53a77ad6a38481de0f606543f5adf701f4c2aa12686ded9edfc2,experiments/research_ball_r1_pickup_precision_1a/raw/field-pickup-precision-1a-20260904-183730-handling-r01.jsonl,0,unspecified,1
1,,False,0,0,reviewed,1256,True,handling-touch-r02,UNAVAILABLE,224324576,post_GO_operator_proxy,handling,experiments/research_ball_r1_pickup_precision_1a/manifest.json,A,0,0,,550,pickup-precision-1a-20260904-183730,88e33e52473fb927e96a3914f6c8971ca3093d6db50b42539eeb473513551b5e,experiments/research_ball_r1_pickup_precision_1a/raw/field-pickup-precision-1a-20260904-183730-handling-r02.jsonl,0,unspecified,1
0,,False,0,0,reviewed,1256,True,handling-touch-r03,UNAVAILABLE,260544512,post_GO_operator_proxy,handling,experiments/research_ball_r1_pickup_precision_1a/manifest.json,A,0,0,,551,pickup-precision-1a-20260904-183730,d5e936ff846ca363ad67deef6b0ad8a1c76ea9843544e578a479e48f436723cb,experiments/research_ball_r1_pickup_precision_1a/raw/field-pickup-precision-1a-20260904-183730-handling-r03.jsonl,0,unspecified,1
0,,False,0,0,reviewed,1256,True,handling-rotate-r04,UNAVAILABLE,406604544,post_GO_operator_proxy,handling,experiments/research_ball_r1_pickup_precision_1a/manifest.json,A,0,0,,551,pickup-precision-1a-20260904-183730,60b9862809193de1ed7133687ec8277f012bc3a5c985d128e76c3cbd444050a1,experiments/research_ball_r1_pickup_precision_1a/raw/field-pickup-precision-1a-20260904-183730-handling-r04.jsonl,0,unspecified,2
0,,False,0,0,reviewed,1256,True,handling-rotate-r05,UNAVAILABLE,536584512,post_GO_operator_proxy,handling,experiments/research_ball_r1_pickup_precision_1a/manifest.json,A,0,0,,551,pickup-precision-1a-20260904-183730,ae913902cb31f476964e0d1116f246ca2ee4cfcbbbd57c86e2d024cb74348c0b,experiments/research_ball_r1_pickup_precision_1a/raw/field-pickup-precision-1a-20260904-183730-handling-r05.jsonl,0,unspecified,1
1,,False,0,0,reviewed,1256,True,handling-rotate-r06,UNAVAILABLE,609444544,post_GO_operator_proxy,handling,experiments/research_ball_r1_pickup_precision_1a/manifest.json,A,0,0,,550,pickup-precision-1a-20260904-183730,40a7aeb540fc72b3c268cef40cab3eb2caa522cd9c9955c9dbe1d8947ce5b36f,experiments/research_ball_r1_pickup_precision_1a/raw/field-pickup-precision-1a-20260904-183730-handling-r06.jsonl,0,unspecified,1
1,,False,0,0,reviewed,1256,True,handling-slide-r07,UNAVAILABLE,992044576,post_GO_operator_proxy,handling,experiments/research_ball_r1_pickup_precision_1a/manifest.json,A,0,0,,550,pickup-precision-1a-20260904-183730,fb4d766e498c915ee2b1e663a5a331c88be0a8d0b69be4f264594b721dddbf0d,experiments/research_ball_r1_pickup_precision_1a/raw/field-pickup-precision-1a-20260904-183730-handling-r07.jsonl,0,unspecified,1
1,,False,0,0,reviewed,1256,True,handling-slide-r08,UNAVAILABLE,1091564544,post_GO_operator_proxy,handling,experiments/research_ball_r1_pickup_precision_1a/manifest.json,A,0,0,,551,pickup-precision-1a-20260904-183730,0f0dfb1565181c58dffce536e8f103e84d31552e4e5f3639f419fabae4cb67ea,experiments/research_ball_r1_pickup_precision_1a/raw/field-pickup-precision-1a-20260904-183730-handling-r08.jsonl,0,unspecified,1
0,,False,0,0,reviewed,1256,True,handling-slide-r09,UNAVAILABLE,1215964544,post_GO_operator_proxy,handling,experiments/research_ball_r1_pickup_precision_1a/manifest.json,A,0,0,,550,pickup-precision-1a-20260904-183730,35df2610c1c8869dc074c66e1a84debb8bf364b615d7c9d705600ef9f41f9927,experiments/research_ball_r1_pickup_precision_1a/raw/field-pickup-precision-1a-20260904-183730-handling-r09.jsonl,0,unspecified,1
0,,False,0,0,reviewed,1256,True,handling-slide-r10,UNAVAILABLE,1346364544,post_GO_operator_proxy,handling,experiments/research_ball_r1_pickup_precision_1a/manifest.json,A,0,0,,551,pickup-precision-1a-20260904-183730,de9221a3056c374b6ee75f064d31c8bfe179c254e0aa741ab1bc338c3a5c3f87,experiments/research_ball_r1_pickup_precision_1a/raw/field-pickup-precision-1a-20260904-183730-handling-r10.jsonl,0,unspecified,1
3,,False,0,0,reviewed,1256,True,rolling-pickup-stress-r01,UNAVAILABLE,1562305504,post_GO_operator_proxy,rolling_pickup,experiments/research_ball_r1_pickup_precision_1b/manifest.json,A,0,0,,751,pickup-precision-1b-20260904,d81c695160e14e922fb775b7076f289e2d84e4f7bc4044092737e922b019d683,experiments/research_ball_r1_pickup_precision_1b/raw/field-pickup-precision-1b-20260904-rolling_pickup-r01.jsonl,1,unspecified,0
3,,False,0,62,reviewed,1256,True,rolling-pickup-stress-r02,UNAVAILABLE,1616165504,post_GO_operator_proxy,rolling_pickup,experiments/research_ball_r1_pickup_precision_1b/manifest.json,A,0,0,,751,pickup-precision-1b-20260904,aeacb5005b37e65b52fcfa324bbe6af44651ffe2dfbce68aad32ca22e2d7e925,experiments/research_ball_r1_pickup_precision_1b/raw/field-pickup-precision-1b-20260904-rolling_pickup-r02.jsonl,1,unspecified,0
1,,False,0,0,reviewed,1256,True,rolling-pickup-slow-r03,UNAVAILABLE,1725485536,post_GO_operator_proxy,rolling_pickup,experiments/research_ball_r1_pickup_precision_1b/manifest.json,A,0,0,,751,pickup-precision-1b-20260904,979b84f3d94463c3a2d13c3d40624371fa0b2992dd909865a50ba497714275d9,experiments/research_ball_r1_pickup_precision_1b/raw/field-pickup-precision-1b-20260904-rolling_pickup-r03.jsonl,1,unspecified,0
1,,False,0,0,reviewed,1256,True,rolling-pickup-slow-r04,UNAVAILABLE,1826345504,post_GO_operator_proxy,rolling_pickup,experiments/research_ball_r1_pickup_precision_1b/manifest.json,A,0,0,,750,pickup-precision-1b-20260904,a7f274f35347086ae65f7b581d7f1cf90e75b5f12cf33c1b9efc9ca10ea85845,experiments/research_ball_r1_pickup_precision_1b/raw/field-pickup-precision-1b-20260904-rolling_pickup-r04.jsonl,1,unspecified,0
1,,False,0,0,reviewed,1256,True,rolling-pickup-slow-r05,UNAVAILABLE,1873525536,post_GO_operator_proxy,rolling_pickup,experiments/research_ball_r1_pickup_precision_1b/manifest.json,A,0,0,,750,pickup-precision-1b-20260904,c82106d20cd1c8f73e88843a2f32b4109a211bf70e158daf17d648f971064e30,experiments/research_ball_r1_pickup_precision_1b/raw/field-pickup-precision-1b-20260904-rolling_pickup-r05.jsonl,1,unspecified,0
3,,False,0,0,reviewed,1256,True,rolling-pickup-normal-r06,UNAVAILABLE,1914965504,post_GO_operator_proxy,rolling_pickup,experiments/research_ball_r1_pickup_precision_1b/manifest.json,A,0,0,,750,pickup-precision-1b-20260904,737989c347b525a8580124ed8951d2e4cb6ae29ce5b38b28f2ec10e261faedd7,experiments/research_ball_r1_pickup_precision_1b/raw/field-pickup-precision-1b-20260904-rolling_pickup-r06.jsonl,1,unspecified,0
2,,False,0,16,reviewed,1256,True,rolling-pickup-normal-r07,UNAVAILABLE,1954205568,post_GO_operator_proxy,rolling_pickup,experiments/research_ball_r1_pickup_precision_1b/manifest.json,A,0,0,,750,pickup-precision-1b-20260904,eb62653b05251c469fcb99d81c6a1c4d58656f2af37fdf1678a9cf2049129d74,experiments/research_ball_r1_pickup_precision_1b/raw/field-pickup-precision-1b-20260904-rolling_pickup-r07.jsonl,1,unspecified,0
3,,False,0,0,reviewed,1256,True,rolling-pickup-normal-r08,UNAVAILABLE,2041105536,post_GO_operator_proxy,rolling_pickup,experiments/research_ball_r1_pickup_precision_1b/manifest.json,A,0,0,,751,pickup-precision-1b-20260904,efe72cb5c9aa75a0a3d44f71b13abbb1aab7d5f1fd36a8fcca1988a227e33f40,experiments/research_ball_r1_pickup_precision_1b/raw/field-pickup-precision-1b-20260904-rolling_pickup-r08.jsonl,1,unspecified,0
2,,False,0,0,reviewed,1256,True,rolling-pickup-near-stop-r09,UNAVAILABLE,2113685536,post_GO_operator_proxy,rolling_pickup,experiments/research_ball_r1_pickup_precision_1b/manifest.json,A,0,0,,751,pickup-precision-1b-20260904,8e96e630d5c2cb5fbbf50f61d598bb5a65cf78aed8c5422ce1b70d4a8ebdf7be,experiments/research_ball_r1_pickup_precision_1b/raw/field-pickup-precision-1b-20260904-rolling_pickup-r09.jsonl,1,unspecified,0
2,,False,0,0,reviewed,1256,True,rolling-pickup-near-stop-r10,UNAVAILABLE,2151685632,post_GO_operator_proxy,rolling_pickup,experiments/research_ball_r1_pickup_precision_1b/manifest.json,A,0,0,,750,pickup-precision-1b-20260904,6ec8ff46ff25fd9eb4561a4936821fa50e9d5606c2f5264de45ec332486b8e7a,experiments/research_ball_r1_pickup_precision_1b/raw/field-pickup-precision-1b-20260904-rolling_pickup-r10.jsonl,1,unspecified,0
1,,False,0,0,reviewed,1256,True,pickup-carry-normal-r01,UNAVAILABLE,2284405600,post_GO_operator_proxy,pickup_carry,experiments/research_ball_r1_pickup_precision_1c/manifest.json,A,1,0,,750,pickup-precision-1c-20260904,184aa11ea035919a7e84000234ffc2d750685fdc56f4d01f811aff429304207f,experiments/research_ball_r1_pickup_precision_1c/raw/field-pickup-precision-1c-20260904-pickup_carry-r01.jsonl,0,unspecified,0
1,,False,0,0,reviewed,1256,True,pickup-carry-normal-r02,UNAVAILABLE,2437285536,post_GO_operator_proxy,pickup_carry,experiments/research_ball_r1_pickup_precision_1c/manifest.json,A,1,0,,750,pickup-precision-1c-20260904,ce8dea5507d6727ba73da8bbca3e866fac80c627f60d7bca137428f5c2c7b650,experiments/research_ball_r1_pickup_precision_1c/raw/field-pickup-precision-1c-20260904-pickup_carry-r02.jsonl,0,unspecified,0
0,,False,0,0,reviewed,1256,False,pickup-carry-normal-r03,UNAVAILABLE,2490325536,post_GO_operator_proxy,pickup_carry,experiments/research_ball_r1_pickup_precision_1c/manifest.json,A,1,0,,750,pickup-precision-1c-20260904,222cf4a18fe799a1d62ddb5117c69811ea223717a858dc685e92bc8fd8b24aae,experiments/research_ball_r1_pickup_precision_1c/raw/field-pickup-precision-1c-20260904-pickup_carry-r03.jsonl,0,unspecified,0
3,,False,0,0,reviewed,1256,True,pickup-carry-normal-r04,UNAVAILABLE,2604165472,post_GO_operator_proxy,pickup_carry,experiments/research_ball_r1_pickup_precision_1c/manifest.json,A,1,0,,750,pickup-precision-1c-20260904,1bf0c66d98a71203dcf7f9b55cebdb7ee0827a6da025379ab337c5ad4bbe9128,experiments/research_ball_r1_pickup_precision_1c/raw/field-pickup-precision-1c-20260904-pickup_carry-r04.jsonl,0,unspecified,0
6,,False,0,0,reviewed,1256,True,pickup-carry-slow-r05,UNAVAILABLE,2654005568,post_GO_operator_proxy,pickup_carry,experiments/research_ball_r1_pickup_precision_1c/manifest.json,A,1,0,,750,pickup-precision-1c-20260904,33c8649251f207d7b0730108ab34d34e26e6d4e3f4325d162edb57a500e51568,experiments/research_ball_r1_pickup_precision_1c/raw/field-pickup-precision-1c-20260904-pickup_carry-r05.jsonl,0,unspecified,0
1,,False,0,0,reviewed,1256,True,pickup-carry-slow-r06,UNAVAILABLE,2708845536,post_GO_operator_proxy,pickup_carry,experiments/research_ball_r1_pickup_precision_1c/manifest.json,A,1,0,,750,pickup-precision-1c-20260904,8b91632d883db154686f1c6f7c65c7f1a83dc2862fc5458e3d503597dc6bece8,experiments/research_ball_r1_pickup_precision_1c/raw/field-pickup-precision-1c-20260904-pickup_carry-r06.jsonl,0,unspecified,0
1,,False,0,0,reviewed,1256,True,pickup-carry-slow-r07,UNAVAILABLE,2756665568,post_GO_operator_proxy,pickup_carry,experiments/research_ball_r1_pickup_precision_1c/manifest.json,A,1,0,,750,pickup-precision-1c-20260904,fddb2f20230405c6ca4c9f0fc40b016c0422525e11e9fdbf6c99d48fecf78f4d,experiments/research_ball_r1_pickup_precision_1c/raw/field-pickup-precision-1c-20260904-pickup_carry-r07.jsonl,0,unspecified,0
1,,False,0,0,reviewed,1256,True,pickup-carry-fast-r08,UNAVAILABLE,2810325504,post_GO_operator_proxy,pickup_carry,experiments/research_ball_r1_pickup_precision_1c/manifest.json,A,1,0,,751,pickup-precision-1c-20260904,ff5db4559e3eade7c8710277e187754a335e4a989b3cca8e0e7cb7d34af98fa7,experiments/research_ball_r1_pickup_precision_1c/raw/field-pickup-precision-1c-20260904-pickup_carry-r08.jsonl,0,unspecified,0
2,,False,0,0,reviewed,1256,True,pickup-carry-fast-r09,UNAVAILABLE,2862145728,post_GO_operator_proxy,pickup_carry,experiments/research_ball_r1_pickup_precision_1c/manifest.json,A,1,0,,750,pickup-precision-1c-20260904,9906173febb77a90335713b9b047bdbe7b17b92627d58d5cd3d4b0afc8742f50,experiments/research_ball_r1_pickup_precision_1c/raw/field-pickup-precision-1c-20260904-pickup_carry-r09.jsonl,0,unspecified,0
4,,False,0,0,reviewed,1256,True,pickup-carry-fast-r10,UNAVAILABLE,2903185600,post_GO_operator_proxy,pickup_carry,experiments/research_ball_r1_pickup_precision_1c/manifest.json,A,1,0,,750,pickup-precision-1c-20260904,ab09a350f495ac40db80a6f181395576d65c486bb90acdd7572aa9988e531d9b,experiments/research_ball_r1_pickup_precision_1c/raw/field-pickup-precision-1c-20260904-pickup_carry-r10.jsonl,0,unspecified,0
2,,False,0,0,reviewed,1256,True,pickup-drop-r02,UNAVAILABLE,6418670528,post_GO_operator_proxy,pickup_drop,experiments/research_ball_r1_pickup_precision_1c_drop/manifest.json,A,1,0,,750,pickup-precision-1c-drop-20260904-b,bfe05eddb1e1b95bd6d1329a4407b3049347875e4a4195a109f34bc34780ac1e,experiments/research_ball_r1_pickup_precision_1c_drop/raw/field-pickup-precision-1c-drop-20260904-b-pickup_drop-r01.jsonl,0,unspecified-safe,0
4,,False,0,0,reviewed,1256,True,pickup-drop-r03,UNAVAILABLE,6510590528,post_GO_operator_proxy,pickup_drop,experiments/research_ball_r1_pickup_precision_1c_drop/manifest.json,A,1,0,,750,pickup-precision-1c-drop-20260904-b,3159500c186d344cf7cde7cd2910986851d1958a6646ad6449b982b4b583e6c3,experiments/research_ball_r1_pickup_precision_1c_drop/raw/field-pickup-precision-1c-drop-20260904-b-pickup_drop-r02.jsonl,0,unspecified-safe,0
2,,False,0,0,reviewed,1256,True,pickup-drop-r04,UNAVAILABLE,6589310496,post_GO_operator_proxy,pickup_drop,experiments/research_ball_r1_pickup_precision_1c_drop/manifest.json,A,1,0,,750,pickup-precision-1c-drop-20260904-b,1f2cffc3a41c3382913469651282fdcd3ac5cee70e466a785b3f22f0147a6e45,experiments/research_ball_r1_pickup_precision_1c_drop/raw/field-pickup-precision-1c-drop-20260904-b-pickup_drop-r03.jsonl,0,unspecified-safe,0
4,,False,0,0,reviewed,1256,True,pickup-drop-r05,UNAVAILABLE,6697650528,post_GO_operator_proxy,pickup_drop,experiments/research_ball_r1_pickup_precision_1c_drop/manifest.json,A,1,0,,750,pickup-precision-1c-drop-20260904-b,20789d6a470a71d288c14b469c2b02c21997c4fce91d6696500779b5e26febe3,experiments/research_ball_r1_pickup_precision_1c_drop/raw/field-pickup-precision-1c-drop-20260904-b-pickup_drop-r04.jsonl,0,unspecified-safe,0
1,,False,0,0,reviewed,1256,True,pickup-drop-r06,UNAVAILABLE,6743450528,post_GO_operator_proxy,pickup_drop,experiments/research_ball_r1_pickup_precision_1c_drop/manifest.json,A,1,0,,751,pickup-precision-1c-drop-20260904-b,3a11c66f3fc60365fa26efc2200607229b2ef277b52f2675c9a03fd80051dc28,experiments/research_ball_r1_pickup_precision_1c_drop/raw/field-pickup-precision-1c-drop-20260904-b-pickup_drop-r05.jsonl,0,unspecified-safe,0
3,,False,0,0,reviewed,1256,True,pickup-drop-r07,UNAVAILABLE,6787190528,post_GO_operator_proxy,pickup_drop,experiments/research_ball_r1_pickup_precision_1c_drop/manifest.json,A,1,0,,750,pickup-precision-1c-drop-20260904-b,f49ab04b7134f55ae8d6a8e03dce7b429880c9ab75def88da26a607c612e8d29,experiments/research_ball_r1_pickup_precision_1c_drop/raw/field-pickup-precision-1c-drop-20260904-b-pickup_drop-r06.jsonl,0,unspecified-safe,0
1,,False,0,0,reviewed,1256,True,pickup-drop-r08,UNAVAILABLE,6828550528,post_GO_operator_proxy,pickup_drop,experiments/research_ball_r1_pickup_precision_1c_drop/manifest.json,A,1,0,,751,pickup-precision-1c-drop-20260904-b,1ff5a46ae34b6370e03a1589935c4df18cbaee976f7cd25a0ca29ea29a335c4f,experiments/research_ball_r1_pickup_precision_1c_drop/raw/field-pickup-precision-1c-drop-20260904-b-pickup_drop-r07.jsonl,0,unspecified-safe,0
3,,False,0,0,reviewed,1256,True,pickup-drop-r09,UNAVAILABLE,6867630656,post_GO_operator_proxy,pickup_drop,experiments/research_ball_r1_pickup_precision_1c_drop/manifest.json,A,0,0,,750,pickup-precision-1c-drop-20260904-b,a2fe722f9c1edeb9263282753e65b1bec4374c4623f299917922c56baf0f5795,experiments/research_ball_r1_pickup_precision_1c_drop/raw/field-pickup-precision-1c-drop-20260904-b-pickup_drop-r08.jsonl,0,unspecified-safe,0
1,,False,0,0,reviewed,1256,True,pickup-drop-r10,UNAVAILABLE,6927130528,post_GO_operator_proxy,pickup_drop,experiments/research_ball_r1_pickup_precision_1c_drop/manifest.json,A,1,0,,750,pickup-precision-1c-drop-20260904-b,7555ff405a758f6c33ba8ccc8abf111dcccf84035c36419f28c3fc36787cf989,experiments/research_ball_r1_pickup_precision_1c_drop/raw/field-pickup-precision-1c-drop-20260904-b-pickup_drop-r09.jsonl,0,unspecified-safe,0
1,,False,0,0,reviewed,1256,True,pickup-drop-r01,UNAVAILABLE,6096219552,post_GO_operator_proxy,pickup_drop,experiments/research_ball_r1_pickup_precision_1c_drop/manifest.json,A,1,0,,751,pickup-precision-1c-drop-20260904,fd0cd1c7ef5c21814106b53f47956c77d3a6d914e8b43cb7934d7acfe5ccdbc7,experiments/research_ball_r1_pickup_precision_1c_drop/raw/field-pickup-precision-1c-drop-20260904-pickup_drop-r01.jsonl,0,unspecified-safe,0
0,,False,0,17,reviewed,1256,False,putt-gentle-very-light-r01,UNAVAILABLE,5128436576,post_GO_operator_proxy,putt_gentle,experiments/research_ball_r1_pickup_precision_1d_gentle/manifest.json,A,0,0,,750,pickup-precision-1d-gentle-20260904,6aa4c62d8ed53a36789a07c610d57dd802c7e72249df084313a24d19728c7560,experiments/research_ball_r1_pickup_precision_1d_gentle/raw/field-pickup-precision-1d-gentle-20260904-putt_gentle-r01.jsonl,1,unspecified,0
1,,False,0,57,reviewed,1256,True,putt-gentle-very-light-r02,UNAVAILABLE,5199596608,post_GO_operator_proxy,putt_gentle,experiments/research_ball_r1_pickup_precision_1d_gentle/manifest.json,A,0,0,,750,pickup-precision-1d-gentle-20260904,48221dabaf0ea2bd2832e58148466a1a33f741eea8a40492a67c862cccb7d335,experiments/research_ball_r1_pickup_precision_1d_gentle/raw/field-pickup-precision-1d-gentle-20260904-putt_gentle-r02.jsonl,1,unspecified,0
1,,False,0,40,reviewed,1256,True,putt-gentle-very-light-r03,UNAVAILABLE,5286056544,post_GO_operator_proxy,putt_gentle,experiments/research_ball_r1_pickup_precision_1d_gentle/manifest.json,A,0,0,,750,pickup-precision-1d-gentle-20260904,7e0e1ef7b1d2302a495592b24439389175d8d725bbe2b838f33671c632eb3e1c,experiments/research_ball_r1_pickup_precision_1d_gentle/raw/field-pickup-precision-1d-gentle-20260904-putt_gentle-r03.jsonl,1,unspecified,0
0,,False,0,78,reviewed,1256,False,putt-gentle-light-r04,UNAVAILABLE,5363216544,post_GO_operator_proxy,putt_gentle,experiments/research_ball_r1_pickup_precision_1d_gentle/manifest.json,A,0,0,,750,pickup-precision-1d-gentle-20260904,9c0a028334ae4eba29ba40e8a325c5ec9d74da203b19ffbdaed55c07b2498865,experiments/research_ball_r1_pickup_precision_1d_gentle/raw/field-pickup-precision-1d-gentle-20260904-putt_gentle-r04.jsonl,1,unspecified,0
0,,False,0,55,reviewed,1256,False,putt-gentle-plus-obstacle-r05,UNAVAILABLE,5426376544,post_GO_operator_proxy,putt_gentle,experiments/research_ball_r1_pickup_precision_1d_gentle/manifest.json,A,0,0,,750,pickup-precision-1d-gentle-20260904,7f87c9d0e2bf1eea137b50154a14fd0236969d408c0ea586aef27697b4ffaaca,experiments/research_ball_r1_pickup_precision_1d_gentle/raw/field-pickup-precision-1d-gentle-20260904-putt_gentle-r05.jsonl,1,unspecified,0
1,,False,0,0,reviewed,1256,True,putt-gentle-light-r06,UNAVAILABLE,5469536544,post_GO_operator_proxy,putt_gentle,experiments/research_ball_r1_pickup_precision_1d_gentle/manifest.json,A,0,0,,751,pickup-precision-1d-gentle-20260904,6354e946eedab54ef776d30512281d32641e1c513318766002459997479e9f2a,experiments/research_ball_r1_pickup_precision_1d_gentle/raw/field-pickup-precision-1d-gentle-20260904-putt_gentle-r06.jsonl,1,unspecified,0
1,,False,0,32,reviewed,1256,True,putt-gentle-light-r07,UNAVAILABLE,5573856512,post_GO_operator_proxy,putt_gentle,experiments/research_ball_r1_pickup_precision_1d_gentle/manifest.json,A,0,0,,750,pickup-precision-1d-gentle-20260904,45e56c55a903b5af5d92c90b74baebb22d49a54c43bab3e3a865aff59353b4e6,experiments/research_ball_r1_pickup_precision_1d_gentle/raw/field-pickup-precision-1d-gentle-20260904-putt_gentle-r07.jsonl,1,unspecified,0
0,,False,0,43,reviewed,1256,False,putt-gentle-varied-r08,UNAVAILABLE,5653036704,post_GO_operator_proxy,putt_gentle,experiments/research_ball_r1_pickup_precision_1d_gentle/manifest.json,A,0,0,,750,pickup-precision-1d-gentle-20260904,f575c200f613e236616b8186b369ed748be1e33de6e4b85e1c631d3a55d41cc3,experiments/research_ball_r1_pickup_precision_1d_gentle/raw/field-pickup-precision-1d-gentle-20260904-putt_gentle-r08.jsonl,1,unspecified,0
0,,False,0,28,reviewed,1256,False,putt-gentle-varied-r09,UNAVAILABLE,5707276544,post_GO_operator_proxy,putt_gentle,experiments/research_ball_r1_pickup_precision_1d_gentle/manifest.json,A,0,0,,751,pickup-precision-1d-gentle-20260904,001d6b5fe3b4f81c3578a358599687d17e47ec46332bd9af5fb612c4b0516764,experiments/research_ball_r1_pickup_precision_1d_gentle/raw/field-pickup-precision-1d-gentle-20260904-putt_gentle-r09.jsonl,1,unspecified,0
0,,False,0,126,reviewed,1256,False,putt-gentle-varied-r10,UNAVAILABLE,5756396544,post_GO_operator_proxy,putt_gentle,experiments/research_ball_r1_pickup_precision_1d_gentle/manifest.json,A,0,0,,750,pickup-precision-1d-gentle-20260904,a72248bbe68c9eda935a498f6dd4118c61326b23dcbb759ff02e55f018167ae0,experiments/research_ball_r1_pickup_precision_1d_gentle/raw/field-pickup-precision-1d-gentle-20260904-putt_gentle-r10.jsonl,1,unspecified,0
0,,False,0,82,reviewed,1256,False,putt-gentle-r05-replacement,UNAVAILABLE,5830214528,post_GO_operator_proxy,putt_gentle,experiments/research_ball_r1_pickup_precision_1d_gentle/manifest.json,A,0,0,,750,pickup-precision-1d-gentle-replacement-20260904,bf65f21c63913badc36cc585d852e11fff035e80a73759c50de372a75c953d4a,experiments/research_ball_r1_pickup_precision_1d_gentle/raw/field-pickup-precision-1d-gentle-replacement-20260904-putt_gentle-r01.jsonl,1,unspecified,0
0,,False,0,2,reviewed,1256,True,putt-rail-light-r01,UNAVAILABLE,3181380544,post_GO_operator_proxy,putt_rail_collision,experiments/research_ball_r1_pickup_precision_1e_rail/manifest.json,A,0,0,,750,pickup-precision-1e-rail-20260904,df1cd907e3f16a7bf4dfb9bff5870e4960c8f7733ef554190aacf3875ff18f36,experiments/research_ball_r1_pickup_precision_1e_rail/raw/field-pickup-precision-1e-rail-20260904-putt_rail_collision-r01.jsonl,0,unspecified,1
0,,False,0,3,reviewed,1256,True,putt-rail-light-r02,UNAVAILABLE,3236120608,post_GO_operator_proxy,putt_rail_collision,experiments/research_ball_r1_pickup_precision_1e_rail/manifest.json,A,0,0,,750,pickup-precision-1e-rail-20260904,8ac825f813e72f40f0eb1c13acfdaadac40ae9d21ee7f05162cf3049126fb8d1,experiments/research_ball_r1_pickup_precision_1e_rail/raw/field-pickup-precision-1e-rail-20260904-putt_rail_collision-r02.jsonl,0,unspecified,1
0,,False,0,13,reviewed,1256,False,putt-rail-light-r03,UNAVAILABLE,3373200896,post_GO_operator_proxy,putt_rail_collision,experiments/research_ball_r1_pickup_precision_1e_rail/manifest.json,A,0,0,,750,pickup-precision-1e-rail-20260904,48561307bf0612e803bb9c1416423ea13d90826a602eb5772248325e275fec8d,experiments/research_ball_r1_pickup_precision_1e_rail/raw/field-pickup-precision-1e-rail-20260904-putt_rail_collision-r03.jsonl,1,unspecified,0
0,,False,0,12,reviewed,1256,False,putt-rail-normal-r04,UNAVAILABLE,3416760544,post_GO_operator_proxy,putt_rail_collision,experiments/research_ball_r1_pickup_precision_1e_rail/manifest.json,A,0,0,,751,pickup-precision-1e-rail-20260904,a5f28e7a9a198609f327c0690605cb8877334617223633a2342c52a0465bcf65,experiments/research_ball_r1_pickup_precision_1e_rail/raw/field-pickup-precision-1e-rail-20260904-putt_rail_collision-r04.jsonl,1,unspecified,0
0,,False,0,4,reviewed,1256,True,putt-rail-normal-r05,UNAVAILABLE,3463360544,post_GO_operator_proxy,putt_rail_collision,experiments/research_ball_r1_pickup_precision_1e_rail/manifest.json,A,0,0,,751,pickup-precision-1e-rail-20260904,3a709572ec24a62378941bfc4fa36024b1184ac8ebb7fa64545c9b9e0adeaced,experiments/research_ball_r1_pickup_precision_1e_rail/raw/field-pickup-precision-1e-rail-20260904-putt_rail_collision-r05.jsonl,0,unspecified,1
0,,False,0,4,reviewed,1256,True,putt-rail-normal-r06,UNAVAILABLE,3510320544,post_GO_operator_proxy,putt_rail_collision,experiments/research_ball_r1_pickup_precision_1e_rail/manifest.json,A,0,0,,751,pickup-precision-1e-rail-20260904,c056b97d1a5c6460e87746ce3dab7253741c6237d91327b0d977c348618ee008,experiments/research_ball_r1_pickup_precision_1e_rail/raw/field-pickup-precision-1e-rail-20260904-putt_rail_collision-r06.jsonl,0,unspecified,1
0,,False,0,15,reviewed,1256,False,putt-rail-normal-r07,UNAVAILABLE,3557280544,post_GO_operator_proxy,putt_rail_collision,experiments/research_ball_r1_pickup_precision_1e_rail/manifest.json,A,0,0,,750,pickup-precision-1e-rail-20260904,b9c263168843efd2c2e3ec70039383421daeed67a638e31208f5a4c289aed1c6,experiments/research_ball_r1_pickup_precision_1e_rail/raw/field-pickup-precision-1e-rail-20260904-putt_rail_collision-r07.jsonl,1,unspecified,0
0,,False,0,13,reviewed,1256,True,putt-rail-firm-r08,UNAVAILABLE,3608420544,post_GO_operator_proxy,putt_rail_collision,experiments/research_ball_r1_pickup_precision_1e_rail/manifest.json,A,0,0,,751,pickup-precision-1e-rail-20260904,30908066aafc61effe1a65dc5c9d776b555dcdd5663fe9b0170f31018d233a4c,experiments/research_ball_r1_pickup_precision_1e_rail/raw/field-pickup-precision-1e-rail-20260904-putt_rail_collision-r08.jsonl,0,unspecified,1
0,,False,0,37,reviewed,1256,False,putt-rail-firm-r09,UNAVAILABLE,3651580512,post_GO_operator_proxy,putt_rail_collision,experiments/research_ball_r1_pickup_precision_1e_rail/manifest.json,A,0,0,,750,pickup-precision-1e-rail-20260904,8a96485b207ee305745831c204fb0d0f820524e4ad2b84712853ea0c3201f0ed,experiments/research_ball_r1_pickup_precision_1e_rail/raw/field-pickup-precision-1e-rail-20260904-putt_rail_collision-r09.jsonl,1,unspecified,0
0,,False,0,7,reviewed,1256,False,putt-rail-firm-r10,UNAVAILABLE,3699880576,post_GO_operator_proxy,putt_rail_collision,experiments/research_ball_r1_pickup_precision_1e_rail/manifest.json,A,0,0,,750,pickup-precision-1e-rail-20260904,ebcbc4bfe9b3afeea1d664c4bec2631cfeb9312f4d1a23ea95c3541a4d1ac4d6,experiments/research_ball_r1_pickup_precision_1e_rail/raw/field-pickup-precision-1e-rail-20260904-putt_rail_collision-r10.jsonl,1,unspecified,0
1,,False,0,35,unmanifested,1256,True,field-pickup-precision-1e-step-20260904-track_step_drop-r09.failed-20260904-194827-932146,UNAVAILABLE,4263277632,exploratory_only,unlabelled,,unspecified,0,0,,750,unspecified,d671a5dd18ebc5737e9ace68d9f83cbd85c744e978d6d91cb98cef7dd97ba86b,experiments/research_ball_r1_pickup_precision_1e_step/diagnostics/field-pickup-precision-1e-step-20260904-track_step_drop-r09.failed-20260904-194827-932146.jsonl,1,unspecified,0
0,,False,0,0,unmanifested,1256,True,field-pickup-precision-1e-step-replacement-20260904-track_step_drop-r01.failed-20260904-195332-643975,UNAVAILABLE,4566564832,exploratory_only,unlabelled,,unspecified,0,0,,750,unspecified,b6bc48484d0676990800bfbc4937ac21dedb403530ae7ce8852335d083fb4d28,experiments/research_ball_r1_pickup_precision_1e_step/diagnostics/field-pickup-precision-1e-step-replacement-20260904-track_step_drop-r01.failed-20260904-195332-643975.jsonl,1,unspecified,1
0,,False,0,0,unmanifested,1256,False,field-pickup-precision-1e-step-replacement-20260904-track_step_drop-r01.failed-20260904-195435-046645,UNAVAILABLE,4630604544,exploratory_only,unlabelled,,unspecified,0,0,,751,unspecified,14ad994368a7baf6772418ecf82f95e3a00d458a19d3b8456d8f0b04bcd5b8d5,experiments/research_ball_r1_pickup_precision_1e_step/diagnostics/field-pickup-precision-1e-step-replacement-20260904-track_step_drop-r01.failed-20260904-195435-046645.jsonl,0,unspecified,0
1,,False,0,0,reviewed,1256,True,track-step-slow-r01,UNAVAILABLE,3824517536,post_GO_operator_proxy,track_step_drop,experiments/research_ball_r1_pickup_precision_1e_step/manifest.json,A,0,0,,750,pickup-precision-1e-step-20260904,e95918df27caf4a5cfb20dd9daf8cfaa214b0771202447b3ca00a2c10ab16284,experiments/research_ball_r1_pickup_precision_1e_step/raw/field-pickup-precision-1e-step-20260904-track_step_drop-r01.jsonl,1,unspecified,0
1,,False,0,0,reviewed,1256,True,track-step-slow-r02,UNAVAILABLE,3869077568,post_GO_operator_proxy,track_step_drop,experiments/research_ball_r1_pickup_precision_1e_step/manifest.json,A,0,0,,751,pickup-precision-1e-step-20260904,38aa7e747279c9a096e981118171945c74f064cb13811434c7b2e95c7a3e8e33,experiments/research_ball_r1_pickup_precision_1e_step/raw/field-pickup-precision-1e-step-20260904-track_step_drop-r02.jsonl,1,unspecified,0
1,,False,0,0,reviewed,1256,True,track-step-slow-r03,UNAVAILABLE,3917317536,post_GO_operator_proxy,track_step_drop,experiments/research_ball_r1_pickup_precision_1e_step/manifest.json,A,0,0,,750,pickup-precision-1e-step-20260904,a5a1b0a7f18d41824b2ff962d544e89b20bd7331f4e941e6e085b5b692fa2ca9,experiments/research_ball_r1_pickup_precision_1e_step/raw/field-pickup-precision-1e-step-20260904-track_step_drop-r03.jsonl,1,unspecified,0
0,,False,0,0,reviewed,1256,False,track-step-normal-r04,UNAVAILABLE,3975077536,post_GO_operator_proxy,track_step_drop,experiments/research_ball_r1_pickup_precision_1e_step/manifest.json,A,0,0,,750,pickup-precision-1e-step-20260904,89d8689792dacefc30e4a61b874a6ac35412aa1f28b7af5d02558ae45aa47347,experiments/research_ball_r1_pickup_precision_1e_step/raw/field-pickup-precision-1e-step-20260904-track_step_drop-r04.jsonl,1,unspecified,0
0,,False,0,0,reviewed,1256,False,track-step-normal-r05,UNAVAILABLE,4023957536,post_GO_operator_proxy,track_step_drop,experiments/research_ball_r1_pickup_precision_1e_step/manifest.json,A,0,0,,750,pickup-precision-1e-step-20260904,360cba18c808d66df1703ef85c1e6b846e4c9d1c96e9a4723731f85348390021,experiments/research_ball_r1_pickup_precision_1e_step/raw/field-pickup-precision-1e-step-20260904-track_step_drop-r05.jsonl,1,unspecified,0
0,,False,0,0,reviewed,1256,False,track-step-normal-r06,UNAVAILABLE,4070217504,post_GO_operator_proxy,track_step_drop,experiments/research_ball_r1_pickup_precision_1e_step/manifest.json,A,0,0,,750,pickup-precision-1e-step-20260904,8e9ad8c2f75e60954e2bd8c8fd5327bfa795f53f3316fd03bbb6398a60543c65,experiments/research_ball_r1_pickup_precision_1e_step/raw/field-pickup-precision-1e-step-20260904-track_step_drop-r06.jsonl,1,unspecified,0
0,,False,0,0,reviewed,1256,False,track-step-normal-r07,UNAVAILABLE,4151197536,post_GO_operator_proxy,track_step_drop,experiments/research_ball_r1_pickup_precision_1e_step/manifest.json,A,0,0,,751,pickup-precision-1e-step-20260904,ca1fac1dd31b7945f9fa018362331b969402fc9d8d13e7db8beb1a3455d799d8,experiments/research_ball_r1_pickup_precision_1e_step/raw/field-pickup-precision-1e-step-20260904-track_step_drop-r07.jsonl,1,unspecified,0
0,,False,0,54,reviewed,1256,False,track-step-plus-obstacle-r08,UNAVAILABLE,4201897536,post_GO_operator_proxy,track_step_drop,experiments/research_ball_r1_pickup_precision_1e_step/manifest.json,A,0,0,,751,pickup-precision-1e-step-20260904,9542347f16c29d6aaf67a3bc3acca3e8bee72aaef3571bb30ae4aa88b87c8036,experiments/research_ball_r1_pickup_precision_1e_step/raw/field-pickup-precision-1e-step-20260904-track_step_drop-r08.jsonl,1,unspecified,0
0,,False,0,0,reviewed,1256,False,track-step-fast-r09,UNAVAILABLE,4332597600,post_GO_operator_proxy,track_step_drop,experiments/research_ball_r1_pickup_precision_1e_step/manifest.json,A,0,0,,750,pickup-precision-1e-step-20260904,0a618d041f3920d9acf0a1ef38cee5fb24b70bcc0f9bbab364f3d22b295fe701,experiments/research_ball_r1_pickup_precision_1e_step/raw/field-pickup-precision-1e-step-20260904-track_step_drop-r09.jsonl,1,unspecified,0
0,,False,0,0,reviewed,1256,False,track-step-fast-r10,UNAVAILABLE,4385437536,post_GO_operator_proxy,track_step_drop,experiments/research_ball_r1_pickup_precision_1e_step/manifest.json,A,0,0,,750,pickup-precision-1e-step-20260904,084a69034b670c649d3841b0744da8a4f69d564305cda6874f680f988d2d04e9,experiments/research_ball_r1_pickup_precision_1e_step/raw/field-pickup-precision-1e-step-20260904-track_step_drop-r10.jsonl,1,unspecified,0
1,,False,0,0,reviewed,1256,True,track-step-fast-r08-replacement,UNAVAILABLE,4670904512,post_GO_operator_proxy,track_step_drop,experiments/research_ball_r1_pickup_precision_1e_step/manifest.json,A,0,0,,751,pickup-precision-1e-step-replacement-20260904,dddac4f006943eb025338ddae230e2b196f8d58306859a58d599d84fa5e3c8b3,experiments/research_ball_r1_pickup_precision_1e_step/raw/field-pickup-precision-1e-step-replacement-20260904-track_step_drop-r01.jsonl,1,unspecified,0
