ambiguous_contacts,captures,captures_with_pickup_candidate,captures_with_stroke_candidate,category,label,pickup_candidates,raw_issue_captures,samples,stroke_candidates
0,5,0,0,01_early_firmware_and_motion_tests,,0,0,461,0
13,4,1,0,01_early_firmware_and_motion_tests,handling,1,0,3864,0
13,7,0,0,01_early_firmware_and_motion_tests,pickup_carry,0,0,19301,0
0,15,0,0,01_early_firmware_and_motion_tests,stationary,0,0,10325,0
0,1,0,0,01_early_firmware_and_motion_tests,stationary_wait,0,0,64,0
2,3,0,0,04_roller_preliminary,roller_120rpm,0,0,1501,0
0,1,0,0,04_roller_preliminary,roller_120rpm_live,0,0,64,0
0,1,0,0,04_roller_preliminary,roller_30rpm,0,0,850,0
0,1,0,0,04_roller_preliminary,roller_30rpm_diagnostic,0,0,651,0
0,1,0,0,04_roller_preliminary,roller_60rpm_diagnostic,0,0,651,0
0,1,0,0,04_roller_preliminary,roller_60rpm_retest,0,0,650,0
0,1,0,0,04_roller_preliminary,stationary,0,0,551,0
0,1,0,0,05_roller_official,low_speed_boundary_-10rpm,0,0,500,0
0,1,0,0,05_roller_official,low_speed_boundary_-15rpm,0,0,501,0
0,1,0,0,05_roller_official,low_speed_boundary_-1rpm,0,0,601,0
2,1,0,0,05_roller_official,low_speed_boundary_-20rpm,0,0,501,0
0,1,0,0,05_roller_official,low_speed_boundary_-2rpm,0,0,600,0
0,1,0,0,05_roller_official,low_speed_boundary_-3rpm,0,0,601,0
0,1,0,0,05_roller_official,low_speed_boundary_-5rpm,0,0,500,0
0,1,0,0,05_roller_official,low_speed_boundary_10rpm,0,0,500,0
1,1,0,0,05_roller_official,low_speed_boundary_15rpm,0,0,500,0
0,1,0,0,05_roller_official,low_speed_boundary_1rpm,0,0,600,0
1,1,0,0,05_roller_official,low_speed_boundary_20rpm,0,0,501,0
0,1,0,0,05_roller_official,low_speed_boundary_2rpm,0,0,601,0
0,1,0,0,05_roller_official,low_speed_boundary_3rpm,0,0,601,0
0,1,0,0,05_roller_official,low_speed_boundary_5rpm,0,0,501,0
0,3,0,0,05_roller_official,roller_-120rpm,0,0,1352,0
1,1,0,0,05_roller_official,roller_-120rpm_decel005,0,0,650,0
0,1,0,0,05_roller_official,roller_-120rpm_decel080,0,0,650,0
1,1,0,0,05_roller_official,roller_-120rpm_long10,0,0,750,0
0,1,0,0,05_roller_official,roller_-165rpm_high_boundary,0,0,450,0
1,1,0,0,05_roller_official,roller_-180rpm_high_boundary,0,0,450,0
4,3,0,0,05_roller_official,roller_-30rpm,0,0,1351,0
6,3,0,0,05_roller_official,roller_-60rpm,0,0,1350,0
19,3,0,0,05_roller_official,roller_-60rpm_accel000,0,0,1652,0
13,3,0,0,05_roller_official,roller_-60rpm_accel005,0,0,1651,0
9,3,0,0,05_roller_official,roller_-60rpm_accel020,0,0,1651,0
17,3,0,0,05_roller_official,roller_-60rpm_accel080,0,0,1650,0
6,1,0,0,05_roller_official,roller_-60rpm_decel000,0,0,601,0
3,1,0,0,05_roller_official,roller_-60rpm_decel005,0,0,600,0
4,1,0,0,05_roller_official,roller_-60rpm_decel020,0,0,601,0
3,1,0,0,05_roller_official,roller_-60rpm_decel080,0,0,600,0
14,1,0,0,05_roller_official,roller_-60rpm_long10,0,0,750,0
4,3,0,0,05_roller_official,roller_-90rpm,0,0,1350,0
1,3,0,0,05_roller_official,roller_120rpm,0,0,1352,0
2,1,0,0,05_roller_official,roller_120rpm_decel005,0,0,650,0
0,1,0,0,05_roller_official,roller_120rpm_decel080,0,0,650,0
0,1,0,0,05_roller_official,roller_120rpm_long10,0,0,750,0
0,1,0,0,05_roller_official,roller_135rpm_high_boundary,0,0,451,0
0,1,0,0,05_roller_official,roller_150rpm_high_boundary,0,0,450,0
0,1,0,0,05_roller_official,roller_155rpm_high_boundary,0,0,451,0
1,1,0,0,05_roller_official,roller_165rpm_high_boundary,0,0,451,0
0,1,0,0,05_roller_official,roller_180rpm_high_boundary,0,0,451,0
4,3,0,0,05_roller_official,roller_30rpm,0,0,1353,0
1,1,0,0,05_roller_official,roller_30rpm_decel005,0,0,600,0
8,3,0,0,05_roller_official,roller_60rpm,0,0,1352,0
21,3,0,0,05_roller_official,roller_60rpm_accel000,0,0,1652,0
17,3,0,0,05_roller_official,roller_60rpm_accel005,0,0,1651,0
20,3,0,0,05_roller_official,roller_60rpm_accel020,0,0,1651,0
17,3,0,0,05_roller_official,roller_60rpm_accel080,0,0,1651,0
3,1,0,0,05_roller_official,roller_60rpm_decel000,0,0,600,0
8,1,0,0,05_roller_official,roller_60rpm_decel005,0,0,600,0
8,1,0,0,05_roller_official,roller_60rpm_decel020,0,0,600,0
5,1,0,0,05_roller_official,roller_60rpm_decel080,0,0,600,0
21,1,0,0,05_roller_official,roller_60rpm_long10,0,0,750,0
6,3,0,0,05_roller_official,roller_90rpm,0,0,1351,0
32,12,10,0,06_field_pickup,pickup_carry,10,0,7806,0
4,10,0,8,07_field_putt,putt_normal,0,0,7503,8
0,1,0,0,90_diagnostic_or_invalid,pickup_carry,0,0,651,0
0,1,0,0,90_diagnostic_or_invalid,pickup_drop,0,0,650,0
0,1,0,0,90_diagnostic_or_invalid,roller_120rpm_live,0,1,3948,0
4,10,0,0,reviewed,handling,0,0,5505,0
7,1,0,0,reviewed,impact_tap,0,0,1024,0
21,11,11,0,reviewed,pickup_carry,11,0,8525,0
22,10,9,0,reviewed,pickup_drop,9,0,7503,0
4,11,0,11,reviewed,putt_gentle,0,0,8252,11
0,10,0,5,reviewed,putt_rail_collision,0,0,7504,5
2,2,0,2,reviewed,rolling,0,0,2048,2
21,10,0,10,reviewed,rolling_pickup,0,0,7505,10
0,5,0,0,reviewed,stationary,0,0,4496,0
4,11,0,11,reviewed,track_step_drop,0,0,8254,11
1,3,0,2,unmanifested,unlabelled,0,0,2251,2
