path,bytes,sha256,represented_by_manifest,diagnostic_name
experiments/research_ball_r0_stationary/raw/stationary-o1-r01.jsonl,539547,9f4e45f69fe07991a9c0f6f55339e17bf1d5d3e2491b6c90364e9ed2617a2898,1,0
experiments/research_ball_r0_stationary/raw/stationary-o2-r01.jsonl,544896,db87ffd8feb16a676779c6c567dc7ba0dc269345d75b3ea1d6c33a4445750258,1,0
experiments/research_ball_r1_manual_floor/raw/armed-stationary-smoke-r01.jsonl,206595,156dabc150c147ceafe5f4d87444bdfb44246b2ae190d7c03099e93fa863c5de,1,0
experiments/research_ball_r1_manual_floor/raw/pickup-carry-r01.jsonl,538777,25e3967efd5b56aa08a6e01cac693ac1a8971f74640481c579e3fa01cbbf7d16,1,0
experiments/research_ball_r1_manual_floor/raw/restrained-repeated-taps-r01.jsonl,587632,8a02d252a2761246dcf5f591fed9de158cfc63f5e1fc2e67d64b3bb6ebb0dce9,1,0
experiments/research_ball_r1_manual_floor/raw/roll-manual-light-r01.jsonl,559294,c85593691850eee622f6e5b8ee02c17e4617598d11350d75d6eefccfd618674e,1,0
experiments/research_ball_r1_manual_floor/raw/roll-manual-medium-r01.jsonl,568304,f10bb725c8416493b36849992d5eb4679b74fa4b6e9e55704ebf50ffe4d77d6a,1,0
experiments/research_ball_r1_manual_floor/raw/stationary-post-r01.jsonl,543037,773c561727add22cb755ad793f7423ec254dc37d7edcf760ec7707b5d1c60654,1,0
experiments/research_ball_r1_manual_floor/raw/stationary-pre-r01.jsonl,509268,58bbc7ec7deb99088a44bf41c862c9b00728f58ef4b1fc863aa8934619d84f86,1,0
experiments/research_ball_r1_pickup_precision_1a/raw/field-pickup-precision-1a-20260904-183730-handling-r01.jsonl,422273,9b2aae6b150e53a77ad6a38481de0f606543f5adf701f4c2aa12686ded9edfc2,1,0
experiments/research_ball_r1_pickup_precision_1a/raw/field-pickup-precision-1a-20260904-183730-handling-r02.jsonl,424508,88e33e52473fb927e96a3914f6c8971ca3093d6db50b42539eeb473513551b5e,1,0
experiments/research_ball_r1_pickup_precision_1a/raw/field-pickup-precision-1a-20260904-183730-handling-r03.jsonl,423737,d5e936ff846ca363ad67deef6b0ad8a1c76ea9843544e578a479e48f436723cb,1,0
experiments/research_ball_r1_pickup_precision_1a/raw/field-pickup-precision-1a-20260904-183730-handling-r04.jsonl,424755,60b9862809193de1ed7133687ec8277f012bc3a5c985d128e76c3cbd444050a1,1,0
experiments/research_ball_r1_pickup_precision_1a/raw/field-pickup-precision-1a-20260904-183730-handling-r05.jsonl,422987,ae913902cb31f476964e0d1116f246ca2ee4cfcbbbd57c86e2d024cb74348c0b,1,0
experiments/research_ball_r1_pickup_precision_1a/raw/field-pickup-precision-1a-20260904-183730-handling-r06.jsonl,423169,40a7aeb540fc72b3c268cef40cab3eb2caa522cd9c9955c9dbe1d8947ce5b36f,1,0
experiments/research_ball_r1_pickup_precision_1a/raw/field-pickup-precision-1a-20260904-183730-handling-r07.jsonl,422573,fb4d766e498c915ee2b1e663a5a331c88be0a8d0b69be4f264594b721dddbf0d,1,0
experiments/research_ball_r1_pickup_precision_1a/raw/field-pickup-precision-1a-20260904-183730-handling-r08.jsonl,424468,0f0dfb1565181c58dffce536e8f103e84d31552e4e5f3639f419fabae4cb67ea,1,0
experiments/research_ball_r1_pickup_precision_1a/raw/field-pickup-precision-1a-20260904-183730-handling-r09.jsonl,424336,35df2610c1c8869dc074c66e1a84debb8bf364b615d7c9d705600ef9f41f9927,1,0
experiments/research_ball_r1_pickup_precision_1a/raw/field-pickup-precision-1a-20260904-183730-handling-r10.jsonl,424884,de9221a3056c374b6ee75f064d31c8bfe179c254e0aa741ab1bc338c3a5c3f87,1,0
experiments/research_ball_r1_pickup_precision_1b/raw/field-pickup-precision-1b-20260904-rolling_pickup-r01.jsonl,552337,d81c695160e14e922fb775b7076f289e2d84e4f7bc4044092737e922b019d683,1,0
experiments/research_ball_r1_pickup_precision_1b/raw/field-pickup-precision-1b-20260904-rolling_pickup-r02.jsonl,552834,aeacb5005b37e65b52fcfa324bbe6af44651ffe2dfbce68aad32ca22e2d7e925,1,0
experiments/research_ball_r1_pickup_precision_1b/raw/field-pickup-precision-1b-20260904-rolling_pickup-r03.jsonl,550989,979b84f3d94463c3a2d13c3d40624371fa0b2992dd909865a50ba497714275d9,1,0
experiments/research_ball_r1_pickup_precision_1b/raw/field-pickup-precision-1b-20260904-rolling_pickup-r04.jsonl,551609,a7f274f35347086ae65f7b581d7f1cf90e75b5f12cf33c1b9efc9ca10ea85845,1,0
experiments/research_ball_r1_pickup_precision_1b/raw/field-pickup-precision-1b-20260904-rolling_pickup-r05.jsonl,550369,c82106d20cd1c8f73e88843a2f32b4109a211bf70e158daf17d648f971064e30,1,0
experiments/research_ball_r1_pickup_precision_1b/raw/field-pickup-precision-1b-20260904-rolling_pickup-r06.jsonl,551931,737989c347b525a8580124ed8951d2e4cb6ae29ce5b38b28f2ec10e261faedd7,1,0
experiments/research_ball_r1_pickup_precision_1b/raw/field-pickup-precision-1b-20260904-rolling_pickup-r07.jsonl,552692,eb62653b05251c469fcb99d81c6a1c4d58656f2af37fdf1678a9cf2049129d74,1,0
experiments/research_ball_r1_pickup_precision_1b/raw/field-pickup-precision-1b-20260904-rolling_pickup-r08.jsonl,552866,efe72cb5c9aa75a0a3d44f71b13abbb1aab7d5f1fd36a8fcca1988a227e33f40,1,0
experiments/research_ball_r1_pickup_precision_1b/raw/field-pickup-precision-1b-20260904-rolling_pickup-r09.jsonl,553852,8e96e630d5c2cb5fbbf50f61d598bb5a65cf78aed8c5422ce1b70d4a8ebdf7be,1,0
experiments/research_ball_r1_pickup_precision_1b/raw/field-pickup-precision-1b-20260904-rolling_pickup-r10.jsonl,552980,6ec8ff46ff25fd9eb4561a4936821fa50e9d5606c2f5264de45ec332486b8e7a,1,0
experiments/research_ball_r1_pickup_precision_1c/raw/field-pickup-precision-1c-20260904-pickup_carry-r01.jsonl,502727,184aa11ea035919a7e84000234ffc2d750685fdc56f4d01f811aff429304207f,1,0
experiments/research_ball_r1_pickup_precision_1c/raw/field-pickup-precision-1c-20260904-pickup_carry-r02.jsonl,503283,ce8dea5507d6727ba73da8bbca3e866fac80c627f60d7bca137428f5c2c7b650,1,0
experiments/research_ball_r1_pickup_precision_1c/raw/field-pickup-precision-1c-20260904-pickup_carry-r03.jsonl,501971,222cf4a18fe799a1d62ddb5117c69811ea223717a858dc685e92bc8fd8b24aae,1,0
experiments/research_ball_r1_pickup_precision_1c/raw/field-pickup-precision-1c-20260904-pickup_carry-r04.jsonl,503225,1bf0c66d98a71203dcf7f9b55cebdb7ee0827a6da025379ab337c5ad4bbe9128,1,0
experiments/research_ball_r1_pickup_precision_1c/raw/field-pickup-precision-1c-20260904-pickup_carry-r05.jsonl,502288,33c8649251f207d7b0730108ab34d34e26e6d4e3f4325d162edb57a500e51568,1,0
experiments/research_ball_r1_pickup_precision_1c/raw/field-pickup-precision-1c-20260904-pickup_carry-r06.jsonl,502513,8b91632d883db154686f1c6f7c65c7f1a83dc2862fc5458e3d503597dc6bece8,1,0
experiments/research_ball_r1_pickup_precision_1c/raw/field-pickup-precision-1c-20260904-pickup_carry-r07.jsonl,501684,fddb2f20230405c6ca4c9f0fc40b016c0422525e11e9fdbf6c99d48fecf78f4d,1,0
experiments/research_ball_r1_pickup_precision_1c/raw/field-pickup-precision-1c-20260904-pickup_carry-r08.jsonl,501871,ff5db4559e3eade7c8710277e187754a335e4a989b3cca8e0e7cb7d34af98fa7,1,0
experiments/research_ball_r1_pickup_precision_1c/raw/field-pickup-precision-1c-20260904-pickup_carry-r09.jsonl,500230,9906173febb77a90335713b9b047bdbe7b17b92627d58d5cd3d4b0afc8742f50,1,0
experiments/research_ball_r1_pickup_precision_1c/raw/field-pickup-precision-1c-20260904-pickup_carry-r10.jsonl,502359,ab09a350f495ac40db80a6f181395576d65c486bb90acdd7572aa9988e531d9b,1,0
experiments/research_ball_r1_pickup_precision_1c_drop/raw/field-pickup-precision-1c-drop-20260904-b-pickup_drop-r01.jsonl,637510,bfe05eddb1e1b95bd6d1329a4407b3049347875e4a4195a109f34bc34780ac1e,1,0
experiments/research_ball_r1_pickup_precision_1c_drop/raw/field-pickup-precision-1c-drop-20260904-b-pickup_drop-r02.jsonl,637871,3159500c186d344cf7cde7cd2910986851d1958a6646ad6449b982b4b583e6c3,1,0
experiments/research_ball_r1_pickup_precision_1c_drop/raw/field-pickup-precision-1c-drop-20260904-b-pickup_drop-r03.jsonl,637630,1f2cffc3a41c3382913469651282fdcd3ac5cee70e466a785b3f22f0147a6e45,1,0
experiments/research_ball_r1_pickup_precision_1c_drop/raw/field-pickup-precision-1c-drop-20260904-b-pickup_drop-r04.jsonl,637381,20789d6a470a71d288c14b469c2b02c21997c4fce91d6696500779b5e26febe3,1,0
experiments/research_ball_r1_pickup_precision_1c_drop/raw/field-pickup-precision-1c-drop-20260904-b-pickup_drop-r05.jsonl,639026,3a11c66f3fc60365fa26efc2200607229b2ef277b52f2675c9a03fd80051dc28,1,0
experiments/research_ball_r1_pickup_precision_1c_drop/raw/field-pickup-precision-1c-drop-20260904-b-pickup_drop-r06.jsonl,636889,f49ab04b7134f55ae8d6a8e03dce7b429880c9ab75def88da26a607c612e8d29,1,0
experiments/research_ball_r1_pickup_precision_1c_drop/raw/field-pickup-precision-1c-drop-20260904-b-pickup_drop-r07.jsonl,638306,1ff5a46ae34b6370e03a1589935c4df18cbaee976f7cd25a0ca29ea29a335c4f,1,0
experiments/research_ball_r1_pickup_precision_1c_drop/raw/field-pickup-precision-1c-drop-20260904-b-pickup_drop-r08.jsonl,637138,a2fe722f9c1edeb9263282753e65b1bec4374c4623f299917922c56baf0f5795,1,0
experiments/research_ball_r1_pickup_precision_1c_drop/raw/field-pickup-precision-1c-drop-20260904-b-pickup_drop-r09.jsonl,636079,7555ff405a758f6c33ba8ccc8abf111dcccf84035c36419f28c3fc36787cf989,1,0
experiments/research_ball_r1_pickup_precision_1c_drop/raw/field-pickup-precision-1c-drop-20260904-pickup_drop-r01.jsonl,604617,fd0cd1c7ef5c21814106b53f47956c77d3a6d914e8b43cb7934d7acfe5ccdbc7,1,0
experiments/research_ball_r1_pickup_precision_1d_gentle/raw/field-pickup-precision-1d-gentle-20260904-putt_gentle-r01.jsonl,527967,6aa4c62d8ed53a36789a07c610d57dd802c7e72249df084313a24d19728c7560,1,0
experiments/research_ball_r1_pickup_precision_1d_gentle/raw/field-pickup-precision-1d-gentle-20260904-putt_gentle-r02.jsonl,528773,48221dabaf0ea2bd2832e58148466a1a33f741eea8a40492a67c862cccb7d335,1,0
experiments/research_ball_r1_pickup_precision_1d_gentle/raw/field-pickup-precision-1d-gentle-20260904-putt_gentle-r03.jsonl,529304,7e0e1ef7b1d2302a495592b24439389175d8d725bbe2b838f33671c632eb3e1c,1,0
experiments/research_ball_r1_pickup_precision_1d_gentle/raw/field-pickup-precision-1d-gentle-20260904-putt_gentle-r04.jsonl,530882,9c0a028334ae4eba29ba40e8a325c5ec9d74da203b19ffbdaed55c07b2498865,1,0
experiments/research_ball_r1_pickup_precision_1d_gentle/raw/field-pickup-precision-1d-gentle-20260904-putt_gentle-r05.jsonl,530071,7f87c9d0e2bf1eea137b50154a14fd0236969d408c0ea586aef27697b4ffaaca,1,0
experiments/research_ball_r1_pickup_precision_1d_gentle/raw/field-pickup-precision-1d-gentle-20260904-putt_gentle-r06.jsonl,529720,6354e946eedab54ef776d30512281d32641e1c513318766002459997479e9f2a,1,0
experiments/research_ball_r1_pickup_precision_1d_gentle/raw/field-pickup-precision-1d-gentle-20260904-putt_gentle-r07.jsonl,529475,45e56c55a903b5af5d92c90b74baebb22d49a54c43bab3e3a865aff59353b4e6,1,0
experiments/research_ball_r1_pickup_precision_1d_gentle/raw/field-pickup-precision-1d-gentle-20260904-putt_gentle-r08.jsonl,530096,f575c200f613e236616b8186b369ed748be1e33de6e4b85e1c631d3a55d41cc3,1,0
experiments/research_ball_r1_pickup_precision_1d_gentle/raw/field-pickup-precision-1d-gentle-20260904-putt_gentle-r09.jsonl,531011,001d6b5fe3b4f81c3578a358599687d17e47ec46332bd9af5fb612c4b0516764,1,0
experiments/research_ball_r1_pickup_precision_1d_gentle/raw/field-pickup-precision-1d-gentle-20260904-putt_gentle-r10.jsonl,531468,a72248bbe68c9eda935a498f6dd4118c61326b23dcbb759ff02e55f018167ae0,1,0
experiments/research_ball_r1_pickup_precision_1d_gentle/raw/field-pickup-precision-1d-gentle-replacement-20260904-putt_gentle-r01.jsonl,537964,bf65f21c63913badc36cc585d852e11fff035e80a73759c50de372a75c953d4a,1,0
experiments/research_ball_r1_pickup_precision_1e_rail/raw/field-pickup-precision-1e-rail-20260904-putt_rail_collision-r01.jsonl,569911,df1cd907e3f16a7bf4dfb9bff5870e4960c8f7733ef554190aacf3875ff18f36,1,0
experiments/research_ball_r1_pickup_precision_1e_rail/raw/field-pickup-precision-1e-rail-20260904-putt_rail_collision-r02.jsonl,570029,8ac825f813e72f40f0eb1c13acfdaadac40ae9d21ee7f05162cf3049126fb8d1,1,0
experiments/research_ball_r1_pickup_precision_1e_rail/raw/field-pickup-precision-1e-rail-20260904-putt_rail_collision-r03.jsonl,569267,48561307bf0612e803bb9c1416423ea13d90826a602eb5772248325e275fec8d,1,0
experiments/research_ball_r1_pickup_precision_1e_rail/raw/field-pickup-precision-1e-rail-20260904-putt_rail_collision-r04.jsonl,570784,a5f28e7a9a198609f327c0690605cb8877334617223633a2342c52a0465bcf65,1,0
experiments/research_ball_r1_pickup_precision_1e_rail/raw/field-pickup-precision-1e-rail-20260904-putt_rail_collision-r05.jsonl,569100,3a709572ec24a62378941bfc4fa36024b1184ac8ebb7fa64545c9b9e0adeaced,1,0
experiments/research_ball_r1_pickup_precision_1e_rail/raw/field-pickup-precision-1e-rail-20260904-putt_rail_collision-r06.jsonl,570780,c056b97d1a5c6460e87746ce3dab7253741c6237d91327b0d977c348618ee008,1,0
experiments/research_ball_r1_pickup_precision_1e_rail/raw/field-pickup-precision-1e-rail-20260904-putt_rail_collision-r07.jsonl,570429,b9c263168843efd2c2e3ec70039383421daeed67a638e31208f5a4c289aed1c6,1,0
experiments/research_ball_r1_pickup_precision_1e_rail/raw/field-pickup-precision-1e-rail-20260904-putt_rail_collision-r08.jsonl,570385,30908066aafc61effe1a65dc5c9d776b555dcdd5663fe9b0170f31018d233a4c,1,0
experiments/research_ball_r1_pickup_precision_1e_rail/raw/field-pickup-precision-1e-rail-20260904-putt_rail_collision-r09.jsonl,571422,8a96485b207ee305745831c204fb0d0f820524e4ad2b84712853ea0c3201f0ed,1,0
experiments/research_ball_r1_pickup_precision_1e_rail/raw/field-pickup-precision-1e-rail-20260904-putt_rail_collision-r10.jsonl,569696,ebcbc4bfe9b3afeea1d664c4bec2631cfeb9312f4d1a23ea95c3541a4d1ac4d6,1,0
experiments/research_ball_r1_pickup_precision_1e_step/raw/field-pickup-precision-1e-step-20260904-track_step_drop-r01.jsonl,589932,e95918df27caf4a5cfb20dd9daf8cfaa214b0771202447b3ca00a2c10ab16284,1,0
experiments/research_ball_r1_pickup_precision_1e_step/raw/field-pickup-precision-1e-step-20260904-track_step_drop-r02.jsonl,590562,38aa7e747279c9a096e981118171945c74f064cb13811434c7b2e95c7a3e8e33,1,0
experiments/research_ball_r1_pickup_precision_1e_step/raw/field-pickup-precision-1e-step-20260904-track_step_drop-r03.jsonl,590360,a5a1b0a7f18d41824b2ff962d544e89b20bd7331f4e941e6e085b5b692fa2ca9,1,0
experiments/research_ball_r1_pickup_precision_1e_step/raw/field-pickup-precision-1e-step-20260904-track_step_drop-r04.jsonl,590815,89d8689792dacefc30e4a61b874a6ac35412aa1f28b7af5d02558ae45aa47347,1,0
experiments/research_ball_r1_pickup_precision_1e_step/raw/field-pickup-precision-1e-step-20260904-track_step_drop-r05.jsonl,589933,360cba18c808d66df1703ef85c1e6b846e4c9d1c96e9a4723731f85348390021,1,0
experiments/research_ball_r1_pickup_precision_1e_step/raw/field-pickup-precision-1e-step-20260904-track_step_drop-r06.jsonl,591604,8e9ad8c2f75e60954e2bd8c8fd5327bfa795f53f3316fd03bbb6398a60543c65,1,0
experiments/research_ball_r1_pickup_precision_1e_step/raw/field-pickup-precision-1e-step-20260904-track_step_drop-r07.jsonl,591452,ca1fac1dd31b7945f9fa018362331b969402fc9d8d13e7db8beb1a3455d799d8,1,0
experiments/research_ball_r1_pickup_precision_1e_step/raw/field-pickup-precision-1e-step-20260904-track_step_drop-r08.jsonl,589978,9542347f16c29d6aaf67a3bc3acca3e8bee72aaef3571bb30ae4aa88b87c8036,1,0
experiments/research_ball_r1_pickup_precision_1e_step/raw/field-pickup-precision-1e-step-20260904-track_step_drop-r09.jsonl,591617,0a618d041f3920d9acf0a1ef38cee5fb24b70bcc0f9bbab364f3d22b295fe701,1,0
experiments/research_ball_r1_pickup_precision_1e_step/raw/field-pickup-precision-1e-step-20260904-track_step_drop-r10.jsonl,591422,084a69034b670c649d3841b0744da8a4f69d564305cda6874f680f988d2d04e9,1,0
experiments/research_ball_r1_pickup_precision_1e_step/raw/field-pickup-precision-1e-step-replacement-20260904-track_step_drop-r01.jsonl,611966,dddac4f006943eb025338ddae230e2b196f8d58306859a58d599d84fa5e3c8b3,1,0
