model,episode_key,truth,prediction,correct,confidence
logistic,archive::data/01_early_firmware_and_motion_tests/pickup-carry-natural-v0.1.7-001.jsonl,PICKED_UP_CARRIED,PICKED_UP_CARRIED,1,0.854589370911
logistic,manifest::research_ball_r1_pickup_precision_1d_gentle::putt-gentle-varied-r09,ROLLING,TRACK_STEP_DROP,0,0.486195967572
logistic,archive::data/01_early_firmware_and_motion_tests/tag-stationary-v0.1.7-tilted-003-frozen.jsonl,STATIONARY,STATIONARY,1,0.743407830564
logistic,manifest::research_ball_r1_pickup_precision_1e_step::track-step-fast-r10,TRACK_STEP_DROP,ROLLING,0,0.512485713602
logistic,manifest::research_ball_r1_pickup_precision_1e_step::track-step-fast-r09,TRACK_STEP_DROP,ROLLING,0,0.58123730143
logistic,archive::data/01_early_firmware_and_motion_tests/pickup-carry-003.jsonl,PICKED_UP_CARRIED,PICKED_UP_CARRIED,1,0.631911858501
logistic,archive::data/07_field_putt/field-20260904-132804-1-putt_normal-r06.jsonl,ROLLING,PICKED_UP_CARRIED,0,0.787301772826
logistic,manifest::research_ball_r1_pickup_precision_1a::handling-slide-r08,HANDLING_NO_LIFT,HANDLING_NO_LIFT,1,0.939162808625
logistic,archive::data/06_field_pickup/field-20260904-130555-pickup_carry-r03.jsonl,PICKED_UP_CARRIED,IMPACT_TAP,0,0.963804777786
logistic,manifest::research_ball_r1_manual_floor::armed-stationary-smoke-r01,STATIONARY,STATIONARY,1,0.747145768643
logistic,archive::data/01_early_firmware_and_motion_tests/tag-stationary-v0.1.9-test-research-frozen.jsonl,STATIONARY,STATIONARY,1,0.743908817892
logistic,archive::data/01_early_firmware_and_motion_tests/tag-wake-v0.1.11-battery-auto-frozen.jsonl,HANDLING_NO_LIFT,STATIONARY,0,0.767544944951
logistic,manifest::research_ball_r1_pickup_precision_1c::pickup-carry-normal-r01,PICKED_UP_CARRIED,PICKED_UP_CARRIED,1,0.865756326918
logistic,archive::data/06_field_pickup/field-20260904-130555-pickup_carry-r01.jsonl,PICKED_UP_CARRIED,PICKED_UP_CARRIED,1,0.633412306109
logistic,manifest::research_ball_r1_pickup_precision_1c::pickup-carry-normal-r04,PICKED_UP_CARRIED,PICKED_UP_CARRIED,1,0.944037481234
logistic,manifest::research_ball_r1_pickup_precision_1c_drop::pickup-drop-r04,PICKED_UP_CARRIED,PICKED_UP_CARRIED,1,0.685556205972
logistic,manifest::research_ball_r1_pickup_precision_1c_drop::pickup-drop-r08,PICKED_UP_CARRIED,PICKED_UP_CARRIED,1,0.879784191119
logistic,manifest::research_ball_r1_pickup_precision_1c_drop::pickup-drop-r05,PICKED_UP_CARRIED,PICKED_UP_CARRIED,1,0.888685615682
logistic,manifest::research_ball_r1_pickup_precision_1c::pickup-carry-normal-r03,PICKED_UP_CARRIED,PICKED_UP_CARRIED,1,0.909464294055
logistic,archive::data/01_early_firmware_and_motion_tests/tag-stationary-v0.1.6-interactive-retry-smoke.jsonl,STATIONARY,STATIONARY,1,0.741433258614
logistic,manifest::research_ball_r1_manual_floor::pickup-carry-r01,PICKED_UP_CARRIED,PICKED_UP_CARRIED,1,0.619604669986
logistic,archive::data/01_early_firmware_and_motion_tests/handling-v0.1.7-002.jsonl,HANDLING_NO_LIFT,IMPACT_TAP,0,0.369909473295
logistic,archive::data/01_early_firmware_and_motion_tests/tag-stationary-v0.1.6-post-confirm.jsonl,STATIONARY,STATIONARY,1,0.742514781809
logistic,manifest::research_ball_r1_pickup_precision_1e_rail::putt-rail-firm-r08,COLLISION_RAIL,COLLISION_RAIL,1,0.987234927921
logistic,manifest::research_ball_r1_pickup_precision_1c_drop::pickup-drop-r03,PICKED_UP_CARRIED,PICKED_UP_CARRIED,1,0.835565576568
logistic,manifest::research_ball_r1_pickup_precision_1c::pickup-carry-slow-r05,PICKED_UP_CARRIED,PICKED_UP_CARRIED,1,0.901241242265
logistic,manifest::research_ball_r1_pickup_precision_1a::handling-slide-r09,HANDLING_NO_LIFT,HANDLING_NO_LIFT,1,0.955155490481
logistic,manifest::research_ball_r1_pickup_precision_1e_step::track-step-normal-r05,TRACK_STEP_DROP,ROLLING,0,0.435593936259
logistic,manifest::research_ball_r1_pickup_precision_1e_step::track-step-slow-r02,TRACK_STEP_DROP,TRACK_STEP_DROP,1,0.546485209387
logistic,manifest::research_ball_r1_pickup_precision_1c_drop::pickup-drop-r06,PICKED_UP_CARRIED,PICKED_UP_CARRIED,1,0.867520265315
logistic,manifest::research_ball_r1_pickup_precision_1e_rail::putt-rail-normal-r05,COLLISION_RAIL,COLLISION_RAIL,1,0.996938145489
logistic,archive::data/07_field_putt/field-20260904-132804-1-putt_normal-r05.jsonl,ROLLING,STATIONARY,0,0.782644721898
logistic,manifest::research_ball_r1_pickup_precision_1a::handling-rotate-r06,HANDLING_NO_LIFT,HANDLING_NO_LIFT,1,0.975345193113
logistic,manifest::research_ball_r1_pickup_precision_1d_gentle::putt-gentle-light-r07,ROLLING,ROLLING,1,0.681320078123
logistic,manifest::research_ball_r1_pickup_precision_1d_gentle::putt-gentle-very-light-r02,ROLLING,ROLLING,1,0.569461615561
logistic,manifest::research_ball_r1_pickup_precision_1e_rail::putt-rail-light-r03,COLLISION_RAIL,COLLISION_RAIL,1,0.977370012833
logistic,archive::data/06_field_pickup/field-20260904-130555-pickup_carry-r05.jsonl,PICKED_UP_CARRIED,PICKED_UP_CARRIED,1,0.53478820031
logistic,archive::data/01_early_firmware_and_motion_tests/tag-stationary-v0.1.6-interactive-smoke.jsonl,STATIONARY,STATIONARY,1,0.741566997758
logistic,archive::data/01_early_firmware_and_motion_tests/tag-stationary-v0.1.6-test.jsonl,STATIONARY,STATIONARY,1,0.741078694405
logistic,manifest::research_ball_r1_manual_floor::stationary-pre-r01,STATIONARY,STATIONARY,1,0.7529080886
logistic,archive::data/01_early_firmware_and_motion_tests/tag-stationary-v0.1.7-test-frozen.jsonl,STATIONARY,STATIONARY,1,0.742548559716
logistic,archive::data/07_field_putt/field-20260904-132804-1-putt_normal-r10.jsonl,ROLLING,ROLLING,1,0.69413836498
logistic,manifest::research_ball_r1_pickup_precision_1a::handling-rotate-r04,HANDLING_NO_LIFT,HANDLING_NO_LIFT,1,0.978142931686
logistic,archive::data/06_field_pickup/field-20260904-123003-1-pickup_carry-r02.jsonl,PICKED_UP_CARRIED,PICKED_UP_CARRIED,1,0.756553887832
logistic,archive::data/06_field_pickup/field-20260904-130555-pickup_carry-r09.jsonl,PICKED_UP_CARRIED,PICKED_UP_CARRIED,1,0.697981040103
logistic,manifest::research_ball_r1_pickup_precision_1d_gentle::putt-gentle-light-r06,ROLLING,TRACK_STEP_DROP,0,0.395763601203
logistic,manifest::research_ball_r1_pickup_precision_1d_gentle::putt-gentle-very-light-r01,ROLLING,TRACK_STEP_DROP,0,0.396266964397
logistic,archive::data/01_early_firmware_and_motion_tests/tag-labelled-workflow-v0.1.5.jsonl,STATIONARY,STATIONARY,1,0.73512291579
logistic,manifest::research_ball_r1_pickup_precision_1b::rolling-pickup-near-stop-r10,ROLLING_PICKUP,ROLLING_PICKUP,1,0.635014112776
logistic,manifest::research_ball_r1_pickup_precision_1b::rolling-pickup-normal-r06,ROLLING_PICKUP,TRACK_STEP_DROP,0,0.565242193532
logistic,manifest::research_ball_r1_pickup_precision_1c_drop::pickup-drop-r10,PICKED_UP_CARRIED,PICKED_UP_CARRIED,1,0.793658830274
logistic,manifest::research_ball_r1_manual_floor::stationary-post-r01,STATIONARY,STATIONARY,1,0.753114756416
logistic,archive::data/01_early_firmware_and_motion_tests/pickup-carry-natural-v0.1.7-002.jsonl,PICKED_UP_CARRIED,IMPACT_TAP,0,0.319804699764
logistic,manifest::research_ball_r1_pickup_precision_1d_gentle::putt-gentle-very-light-r03,ROLLING,TRACK_STEP_DROP,0,0.589499973711
logistic,archive::data/06_field_pickup/field-20260904-123003-1-pickup_carry-r01.jsonl,PICKED_UP_CARRIED,PICKED_UP_CARRIED,1,0.853303661691
logistic,archive::data/06_field_pickup/field-20260904-130555-pickup_carry-r02.jsonl,PICKED_UP_CARRIED,PICKED_UP_CARRIED,1,0.786690070654
logistic,manifest::research_ball_r1_pickup_precision_1a::handling-touch-r02,HANDLING_NO_LIFT,HANDLING_NO_LIFT,1,0.960841807173
logistic,manifest::research_ball_r1_pickup_precision_1e_step::track-step-normal-r04,TRACK_STEP_DROP,TRACK_STEP_DROP,1,0.498076649967
logistic,manifest::research_ball_r1_manual_floor::restrained-repeated-taps-r01,IMPACT_TAP,PICKED_UP_CARRIED,0,0.420501256151
logistic,archive::data/01_early_firmware_and_motion_tests/pickup-carry-natural-001.jsonl,PICKED_UP_CARRIED,STATIONARY,0,0.75734737168
logistic,manifest::research_ball_r1_pickup_precision_1e_rail::putt-rail-firm-r09,COLLISION_RAIL,ROLLING,0,0.597806059865
logistic,archive::data/04_roller_preliminary/roller-r0-stationary-o1-r01.jsonl,STATIONARY,STATIONARY,1,0.754521520956
logistic,manifest::research_ball_r1_pickup_precision_1e_rail::putt-rail-light-r02,COLLISION_RAIL,COLLISION_RAIL,1,0.790387029946
logistic,archive::data/06_field_pickup/field-20260904-130555-pickup_carry-r07.jsonl,PICKED_UP_CARRIED,IMPACT_TAP,0,0.616815424333
logistic,manifest::research_ball_r1_pickup_precision_1c::pickup-carry-slow-r06,PICKED_UP_CARRIED,PICKED_UP_CARRIED,1,0.925384143627
logistic,manifest::research_ball_r1_pickup_precision_1b::rolling-pickup-near-stop-r09,ROLLING_PICKUP,ROLLING_PICKUP,1,0.757458431742
logistic,manifest::research_ball_r1_pickup_precision_1e_step::track-step-normal-r06,TRACK_STEP_DROP,TRACK_STEP_DROP,1,0.438397485565
logistic,archive::data/01_early_firmware_and_motion_tests/tag-stationary-v0.1.6-host-audit.jsonl,STATIONARY,STATIONARY,1,0.740542895468
logistic,manifest::research_ball_r1_pickup_precision_1b::rolling-pickup-slow-r03,ROLLING_PICKUP,ROLLING_PICKUP,1,0.925984222416
logistic,manifest::research_ball_r1_pickup_precision_1c::pickup-carry-fast-r09,PICKED_UP_CARRIED,PICKED_UP_CARRIED,1,0.822962001282
logistic,archive::data/01_early_firmware_and_motion_tests/tag-wake-v0.1.9-test-auto-frozen.jsonl,HANDLING_NO_LIFT,PICKED_UP_CARRIED,0,0.962048942808
logistic,manifest::research_ball_r1_pickup_precision_1a::handling-touch-r01,HANDLING_NO_LIFT,HANDLING_NO_LIFT,1,0.956710076668
logistic,manifest::research_ball_r1_pickup_precision_1d_gentle::putt-gentle-light-r04,ROLLING,ROLLING,1,0.551912312768
logistic,archive::data/01_early_firmware_and_motion_tests/pickup-carry-001.jsonl,PICKED_UP_CARRIED,STATIONARY,0,0.752896787543
logistic,manifest::research_ball_r0_stationary::stationary-o1-r01,STATIONARY,STATIONARY,1,0.751546601135
logistic,manifest::research_ball_r1_pickup_precision_1c_drop::pickup-drop-r09,PICKED_UP_CARRIED,PICKED_UP_CARRIED,1,0.869980607021
logistic,manifest::research_ball_r1_pickup_precision_1e_step::track-step-slow-r03,TRACK_STEP_DROP,IMPACT_TAP,0,0.308599325446
logistic,manifest::research_ball_r1_pickup_precision_1e_rail::putt-rail-normal-r04,COLLISION_RAIL,COLLISION_RAIL,1,0.932843927782
logistic,manifest::research_ball_r1_pickup_precision_1d_gentle::putt-gentle-varied-r10,ROLLING,ROLLING,1,0.851203818444
logistic,manifest::research_ball_r1_pickup_precision_1b::rolling-pickup-slow-r04,ROLLING_PICKUP,ROLLING_PICKUP,1,0.993217790527
logistic,manifest::research_ball_r1_pickup_precision_1c::pickup-carry-fast-r10,PICKED_UP_CARRIED,PICKED_UP_CARRIED,1,0.90664706717
logistic,manifest::research_ball_r1_pickup_precision_1a::handling-rotate-r05,HANDLING_NO_LIFT,HANDLING_NO_LIFT,1,0.974664836061
logistic,manifest::research_ball_r1_pickup_precision_1b::rolling-pickup-stress-r02,ROLLING_PICKUP,ROLLING_PICKUP,1,0.460579099474
logistic,archive::data/06_field_pickup/field-20260904-130555-pickup_carry-r06.jsonl,PICKED_UP_CARRIED,PICKED_UP_CARRIED,1,0.861221743673
logistic,archive::data/01_early_firmware_and_motion_tests/tag-stationary-v0.1.8-test-research-frozen.jsonl,STATIONARY,STATIONARY,1,0.743200649894
logistic,archive::data/01_early_firmware_and_motion_tests/tag-stationary-v0.1.7-post-confirm-frozen.jsonl,STATIONARY,STATIONARY,1,0.742389661774
logistic,manifest::research_ball_r1_pickup_precision_1e_rail::putt-rail-normal-r07,COLLISION_RAIL,COLLISION_RAIL,1,0.91472435665
logistic,archive::data/07_field_putt/field-20260904-132804-1-putt_normal-r09.jsonl,ROLLING,ROLLING,1,0.90784317529
logistic,archive::data/01_early_firmware_and_motion_tests/tag-stationary-v0.1.7-post-handling-002-frozen.jsonl,STATIONARY,STATIONARY,1,0.742738842764
logistic,manifest::research_ball_r1_pickup_precision_1d_gentle::putt-gentle-r05-replacement,ROLLING,ROLLING,1,0.786069658212
logistic,archive::data/01_early_firmware_and_motion_tests/tag-stationary-v0.1.9-battery-swd-frozen.jsonl,STATIONARY,STATIONARY,1,0.741624817327
logistic,manifest::research_ball_r1_pickup_precision_1c_drop::pickup-drop-r02,PICKED_UP_CARRIED,PICKED_UP_CARRIED,1,0.539429820405
logistic,manifest::research_ball_r1_pickup_precision_1e_rail::putt-rail-normal-r06,COLLISION_RAIL,COLLISION_RAIL,1,0.990584151118
logistic,archive::data/01_early_firmware_and_motion_tests/tag-stationary-v0.1.7-test-window.jsonl,STATIONARY,STATIONARY,1,0.742328550303
logistic,archive::data/06_field_pickup/field-20260904-130555-pickup_carry-r04.jsonl,PICKED_UP_CARRIED,IMPACT_TAP,0,0.57946830179
logistic,manifest::research_ball_r1_pickup_precision_1b::rolling-pickup-slow-r05,ROLLING_PICKUP,ROLLING_PICKUP,1,0.995530098186
logistic,manifest::research_ball_r1_manual_floor::roll-manual-light-r01,ROLLING,TRACK_STEP_DROP,0,0.514782894955
logistic,manifest::research_ball_r1_pickup_precision_1e_step::track-step-normal-r07,TRACK_STEP_DROP,TRACK_STEP_DROP,1,0.516988336636
logistic,manifest::research_ball_r1_pickup_precision_1c::pickup-carry-normal-r02,PICKED_UP_CARRIED,PICKED_UP_CARRIED,1,0.900891167121
logistic,archive::data/07_field_putt/field-20260904-132804-1-putt_normal-r08.jsonl,ROLLING,ROLLING,1,0.810258040516
logistic,manifest::research_ball_r1_pickup_precision_1a::handling-touch-r03,HANDLING_NO_LIFT,HANDLING_NO_LIFT,1,0.973587203522
logistic,manifest::research_ball_r1_pickup_precision_1b::rolling-pickup-stress-r01,ROLLING_PICKUP,TRACK_STEP_DROP,0,0.428385735614
logistic,archive::data/01_early_firmware_and_motion_tests/handling-v0.1.7-001.jsonl,HANDLING_NO_LIFT,STATIONARY,0,0.668859996602
logistic,archive::data/06_field_pickup/field-20260904-130555-pickup_carry-r10.jsonl,PICKED_UP_CARRIED,PICKED_UP_CARRIED,1,0.925891508625
logistic,manifest::research_ball_r0_stationary::stationary-o2-r01,STATIONARY,STATIONARY,1,0.729676653664
logistic,manifest::research_ball_r1_pickup_precision_1e_step::track-step-fast-r08-replacement,TRACK_STEP_DROP,ROLLING,0,0.514455426599
logistic,manifest::research_ball_r1_pickup_precision_1a::handling-slide-r10,HANDLING_NO_LIFT,HANDLING_NO_LIFT,1,0.894110058072
logistic,manifest::research_ball_r1_pickup_precision_1e_rail::putt-rail-light-r01,COLLISION_RAIL,COLLISION_RAIL,1,0.972551078773
logistic,archive::data/07_field_putt/field-20260904-132804-1-putt_normal-r07.jsonl,ROLLING,ROLLING,1,0.520681689052
logistic,archive::data/06_field_pickup/field-20260904-130555-pickup_carry-r08.jsonl,PICKED_UP_CARRIED,PICKED_UP_CARRIED,1,0.826146515865
logistic,manifest::research_ball_r1_pickup_precision_1e_step::track-step-slow-r01,TRACK_STEP_DROP,TRACK_STEP_DROP,1,0.551243340947
logistic,manifest::research_ball_r1_pickup_precision_1b::rolling-pickup-normal-r07,ROLLING_PICKUP,ROLLING_PICKUP,1,0.963326367113
logistic,manifest::research_ball_r1_pickup_precision_1e_rail::putt-rail-firm-r10,COLLISION_RAIL,COLLISION_RAIL,1,0.996155949795
logistic,manifest::research_ball_r1_pickup_precision_1b::rolling-pickup-normal-r08,ROLLING_PICKUP,ROLLING_PICKUP,1,0.929694241571
logistic,manifest::research_ball_r1_manual_floor::roll-manual-medium-r01,ROLLING,TRACK_STEP_DROP,0,0.545447467156
logistic,manifest::research_ball_r1_pickup_precision_1c_drop::pickup-drop-r07,PICKED_UP_CARRIED,PICKED_UP_CARRIED,1,0.895813686347
logistic,manifest::research_ball_r1_pickup_precision_1d_gentle::putt-gentle-varied-r08,ROLLING,TRACK_STEP_DROP,0,0.628334476033
logistic,manifest::research_ball_r1_pickup_precision_1a::handling-slide-r07,HANDLING_NO_LIFT,HANDLING_NO_LIFT,1,0.947376847074
logistic,manifest::research_ball_r1_pickup_precision_1c_drop::pickup-drop-r01,PICKED_UP_CARRIED,PICKED_UP_CARRIED,1,0.791884121088
logistic,archive::data/01_early_firmware_and_motion_tests/pickup-carry-002.jsonl,PICKED_UP_CARRIED,STATIONARY,0,0.752340817838
logistic,manifest::research_ball_r1_pickup_precision_1c::pickup-carry-slow-r07,PICKED_UP_CARRIED,PICKED_UP_CARRIED,1,0.922459867727
logistic,manifest::research_ball_r1_pickup_precision_1c::pickup-carry-fast-r08,PICKED_UP_CARRIED,PICKED_UP_CARRIED,1,0.713631112329
linear_lda_shrinkage,archive::data/01_early_firmware_and_motion_tests/pickup-carry-natural-v0.1.7-001.jsonl,PICKED_UP_CARRIED,PICKED_UP_CARRIED,1,0.996302075207
linear_lda_shrinkage,manifest::research_ball_r1_pickup_precision_1d_gentle::putt-gentle-varied-r09,ROLLING,ROLLING,1,0.750206643499
linear_lda_shrinkage,archive::data/01_early_firmware_and_motion_tests/tag-stationary-v0.1.7-tilted-003-frozen.jsonl,STATIONARY,STATIONARY,1,0.99948843916
linear_lda_shrinkage,manifest::research_ball_r1_pickup_precision_1e_step::track-step-fast-r10,TRACK_STEP_DROP,ROLLING,0,0.866020320985
linear_lda_shrinkage,manifest::research_ball_r1_pickup_precision_1e_step::track-step-fast-r09,TRACK_STEP_DROP,ROLLING,0,0.897963367595
linear_lda_shrinkage,archive::data/01_early_firmware_and_motion_tests/pickup-carry-003.jsonl,PICKED_UP_CARRIED,PICKED_UP_CARRIED,1,0.998696026533
linear_lda_shrinkage,archive::data/07_field_putt/field-20260904-132804-1-putt_normal-r06.jsonl,ROLLING,PICKED_UP_CARRIED,0,0.991017965167
linear_lda_shrinkage,manifest::research_ball_r1_pickup_precision_1a::handling-slide-r08,HANDLING_NO_LIFT,HANDLING_NO_LIFT,1,0.999979254755
linear_lda_shrinkage,archive::data/06_field_pickup/field-20260904-130555-pickup_carry-r03.jsonl,PICKED_UP_CARRIED,PICKED_UP_CARRIED,1,0.563027151247
linear_lda_shrinkage,manifest::research_ball_r1_manual_floor::armed-stationary-smoke-r01,STATIONARY,STATIONARY,1,0.999513820849
linear_lda_shrinkage,archive::data/01_early_firmware_and_motion_tests/tag-stationary-v0.1.9-test-research-frozen.jsonl,STATIONARY,STATIONARY,1,0.999491186395
linear_lda_shrinkage,archive::data/01_early_firmware_and_motion_tests/tag-wake-v0.1.11-battery-auto-frozen.jsonl,HANDLING_NO_LIFT,STATIONARY,0,0.999577591141
linear_lda_shrinkage,manifest::research_ball_r1_pickup_precision_1c::pickup-carry-normal-r01,PICKED_UP_CARRIED,PICKED_UP_CARRIED,1,0.996465141871
linear_lda_shrinkage,archive::data/06_field_pickup/field-20260904-130555-pickup_carry-r01.jsonl,PICKED_UP_CARRIED,PICKED_UP_CARRIED,1,0.938651964576
linear_lda_shrinkage,manifest::research_ball_r1_pickup_precision_1c::pickup-carry-normal-r04,PICKED_UP_CARRIED,PICKED_UP_CARRIED,1,0.999805401389
linear_lda_shrinkage,manifest::research_ball_r1_pickup_precision_1c_drop::pickup-drop-r04,PICKED_UP_CARRIED,PICKED_UP_CARRIED,1,0.978012023169
linear_lda_shrinkage,manifest::research_ball_r1_pickup_precision_1c_drop::pickup-drop-r08,PICKED_UP_CARRIED,PICKED_UP_CARRIED,1,0.996621932832
linear_lda_shrinkage,manifest::research_ball_r1_pickup_precision_1c_drop::pickup-drop-r05,PICKED_UP_CARRIED,PICKED_UP_CARRIED,1,0.998506860686
linear_lda_shrinkage,manifest::research_ball_r1_pickup_precision_1c::pickup-carry-normal-r03,PICKED_UP_CARRIED,PICKED_UP_CARRIED,1,0.999140941909
linear_lda_shrinkage,archive::data/01_early_firmware_and_motion_tests/tag-stationary-v0.1.6-interactive-retry-smoke.jsonl,STATIONARY,STATIONARY,1,0.999471851281
linear_lda_shrinkage,manifest::research_ball_r1_manual_floor::pickup-carry-r01,PICKED_UP_CARRIED,PICKED_UP_CARRIED,1,0.995466628553
linear_lda_shrinkage,archive::data/01_early_firmware_and_motion_tests/handling-v0.1.7-002.jsonl,HANDLING_NO_LIFT,PICKED_UP_CARRIED,0,0.840961056789
linear_lda_shrinkage,archive::data/01_early_firmware_and_motion_tests/tag-stationary-v0.1.6-post-confirm.jsonl,STATIONARY,STATIONARY,1,0.999480397578
linear_lda_shrinkage,manifest::research_ball_r1_pickup_precision_1e_rail::putt-rail-firm-r08,COLLISION_RAIL,COLLISION_RAIL,1,1
linear_lda_shrinkage,manifest::research_ball_r1_pickup_precision_1c_drop::pickup-drop-r03,PICKED_UP_CARRIED,PICKED_UP_CARRIED,1,0.996478441284
linear_lda_shrinkage,manifest::research_ball_r1_pickup_precision_1c::pickup-carry-slow-r05,PICKED_UP_CARRIED,PICKED_UP_CARRIED,1,0.999436170944
linear_lda_shrinkage,manifest::research_ball_r1_pickup_precision_1a::handling-slide-r09,HANDLING_NO_LIFT,HANDLING_NO_LIFT,1,0.999999038466
linear_lda_shrinkage,manifest::research_ball_r1_pickup_precision_1e_step::track-step-normal-r05,TRACK_STEP_DROP,ROLLING,0,0.542275948934
linear_lda_shrinkage,manifest::research_ball_r1_pickup_precision_1e_step::track-step-slow-r02,TRACK_STEP_DROP,PICKED_UP_CARRIED,0,0.549870002744
linear_lda_shrinkage,manifest::research_ball_r1_pickup_precision_1c_drop::pickup-drop-r06,PICKED_UP_CARRIED,PICKED_UP_CARRIED,1,0.997497601963
linear_lda_shrinkage,manifest::research_ball_r1_pickup_precision_1e_rail::putt-rail-normal-r05,COLLISION_RAIL,COLLISION_RAIL,1,1
linear_lda_shrinkage,archive::data/07_field_putt/field-20260904-132804-1-putt_normal-r05.jsonl,ROLLING,STATIONARY,0,0.999823321949
linear_lda_shrinkage,manifest::research_ball_r1_pickup_precision_1a::handling-rotate-r06,HANDLING_NO_LIFT,HANDLING_NO_LIFT,1,0.999999908105
linear_lda_shrinkage,manifest::research_ball_r1_pickup_precision_1d_gentle::putt-gentle-light-r07,ROLLING,ROLLING,1,0.941015021175
linear_lda_shrinkage,manifest::research_ball_r1_pickup_precision_1d_gentle::putt-gentle-very-light-r02,ROLLING,ROLLING,1,0.87468642546
linear_lda_shrinkage,manifest::research_ball_r1_pickup_precision_1e_rail::putt-rail-light-r03,COLLISION_RAIL,COLLISION_RAIL,1,1
linear_lda_shrinkage,archive::data/06_field_pickup/field-20260904-130555-pickup_carry-r05.jsonl,PICKED_UP_CARRIED,PICKED_UP_CARRIED,1,0.986255747222
linear_lda_shrinkage,archive::data/01_early_firmware_and_motion_tests/tag-stationary-v0.1.6-interactive-smoke.jsonl,STATIONARY,STATIONARY,1,0.999475086381
linear_lda_shrinkage,archive::data/01_early_firmware_and_motion_tests/tag-stationary-v0.1.6-test.jsonl,STATIONARY,STATIONARY,1,0.999468999743
linear_lda_shrinkage,manifest::research_ball_r1_manual_floor::stationary-pre-r01,STATIONARY,STATIONARY,1,0.999549305566
linear_lda_shrinkage,archive::data/01_early_firmware_and_motion_tests/tag-stationary-v0.1.7-test-frozen.jsonl,STATIONARY,STATIONARY,1,0.999479971254
linear_lda_shrinkage,archive::data/07_field_putt/field-20260904-132804-1-putt_normal-r10.jsonl,ROLLING,ROLLING,1,0.969898845967
linear_lda_shrinkage,manifest::research_ball_r1_pickup_precision_1a::handling-rotate-r04,HANDLING_NO_LIFT,HANDLING_NO_LIFT,1,0.999999925043
linear_lda_shrinkage,archive::data/06_field_pickup/field-20260904-123003-1-pickup_carry-r02.jsonl,PICKED_UP_CARRIED,PICKED_UP_CARRIED,1,0.999952261931
linear_lda_shrinkage,archive::data/06_field_pickup/field-20260904-130555-pickup_carry-r09.jsonl,PICKED_UP_CARRIED,PICKED_UP_CARRIED,1,0.991033003515
linear_lda_shrinkage,manifest::research_ball_r1_pickup_precision_1d_gentle::putt-gentle-light-r06,ROLLING,TRACK_STEP_DROP,0,0.753176487529
linear_lda_shrinkage,manifest::research_ball_r1_pickup_precision_1d_gentle::putt-gentle-very-light-r01,ROLLING,ROLLING,1,0.597242895616
linear_lda_shrinkage,archive::data/01_early_firmware_and_motion_tests/tag-labelled-workflow-v0.1.5.jsonl,STATIONARY,STATIONARY,1,0.999425438799
linear_lda_shrinkage,manifest::research_ball_r1_pickup_precision_1b::rolling-pickup-near-stop-r10,ROLLING_PICKUP,ROLLING_PICKUP,1,0.82507285698
linear_lda_shrinkage,manifest::research_ball_r1_pickup_precision_1b::rolling-pickup-normal-r06,ROLLING_PICKUP,TRACK_STEP_DROP,0,0.786508241738
linear_lda_shrinkage,manifest::research_ball_r1_pickup_precision_1c_drop::pickup-drop-r10,PICKED_UP_CARRIED,PICKED_UP_CARRIED,1,0.987151486543
linear_lda_shrinkage,manifest::research_ball_r1_manual_floor::stationary-post-r01,STATIONARY,STATIONARY,1,0.999551295178
linear_lda_shrinkage,archive::data/01_early_firmware_and_motion_tests/pickup-carry-natural-v0.1.7-002.jsonl,PICKED_UP_CARRIED,STATIONARY,0,0.849748415018
linear_lda_shrinkage,manifest::research_ball_r1_pickup_precision_1d_gentle::putt-gentle-very-light-r03,ROLLING,TRACK_STEP_DROP,0,0.831196866179
linear_lda_shrinkage,archive::data/06_field_pickup/field-20260904-123003-1-pickup_carry-r01.jsonl,PICKED_UP_CARRIED,PICKED_UP_CARRIED,1,0.994849460387
linear_lda_shrinkage,archive::data/06_field_pickup/field-20260904-130555-pickup_carry-r02.jsonl,PICKED_UP_CARRIED,PICKED_UP_CARRIED,1,0.995427864398
linear_lda_shrinkage,manifest::research_ball_r1_pickup_precision_1a::handling-touch-r02,HANDLING_NO_LIFT,HANDLING_NO_LIFT,1,0.999996359203
linear_lda_shrinkage,manifest::research_ball_r1_pickup_precision_1e_step::track-step-normal-r04,TRACK_STEP_DROP,ROLLING,0,0.616769309543
linear_lda_shrinkage,manifest::research_ball_r1_manual_floor::restrained-repeated-taps-r01,IMPACT_TAP,PICKED_UP_CARRIED,0,0.989158157954
linear_lda_shrinkage,archive::data/01_early_firmware_and_motion_tests/pickup-carry-natural-001.jsonl,PICKED_UP_CARRIED,STATIONARY,0,0.999888993732
linear_lda_shrinkage,manifest::research_ball_r1_pickup_precision_1e_rail::putt-rail-firm-r09,COLLISION_RAIL,ROLLING,0,0.970528885175
linear_lda_shrinkage,archive::data/04_roller_preliminary/roller-r0-stationary-o1-r01.jsonl,STATIONARY,STATIONARY,1,0.99956132748
linear_lda_shrinkage,manifest::research_ball_r1_pickup_precision_1e_rail::putt-rail-light-r02,COLLISION_RAIL,COLLISION_RAIL,1,0.999999777955
linear_lda_shrinkage,archive::data/06_field_pickup/field-20260904-130555-pickup_carry-r07.jsonl,PICKED_UP_CARRIED,IMPACT_TAP,0,1
linear_lda_shrinkage,manifest::research_ball_r1_pickup_precision_1c::pickup-carry-slow-r06,PICKED_UP_CARRIED,PICKED_UP_CARRIED,1,0.999264753194
linear_lda_shrinkage,manifest::research_ball_r1_pickup_precision_1b::rolling-pickup-near-stop-r09,ROLLING_PICKUP,PICKED_UP_CARRIED,0,0.813544689477
linear_lda_shrinkage,manifest::research_ball_r1_pickup_precision_1e_step::track-step-normal-r06,TRACK_STEP_DROP,ROLLING,0,0.824761905601
linear_lda_shrinkage,archive::data/01_early_firmware_and_motion_tests/tag-stationary-v0.1.6-host-audit.jsonl,STATIONARY,STATIONARY,1,0.999465871237
linear_lda_shrinkage,manifest::research_ball_r1_pickup_precision_1b::rolling-pickup-slow-r03,ROLLING_PICKUP,ROLLING_PICKUP,1,0.999681950573
linear_lda_shrinkage,manifest::research_ball_r1_pickup_precision_1c::pickup-carry-fast-r09,PICKED_UP_CARRIED,PICKED_UP_CARRIED,1,0.998716986084
linear_lda_shrinkage,archive::data/01_early_firmware_and_motion_tests/tag-wake-v0.1.9-test-auto-frozen.jsonl,HANDLING_NO_LIFT,PICKED_UP_CARRIED,0,0.999989262731
linear_lda_shrinkage,manifest::research_ball_r1_pickup_precision_1a::handling-touch-r01,HANDLING_NO_LIFT,HANDLING_NO_LIFT,1,0.999999252663
linear_lda_shrinkage,manifest::research_ball_r1_pickup_precision_1d_gentle::putt-gentle-light-r04,ROLLING,ROLLING,1,0.924969339626
linear_lda_shrinkage,archive::data/01_early_firmware_and_motion_tests/pickup-carry-001.jsonl,PICKED_UP_CARRIED,STATIONARY,0,0.999880415741
linear_lda_shrinkage,manifest::research_ball_r0_stationary::stationary-o1-r01,STATIONARY,STATIONARY,1,0.99954226604
linear_lda_shrinkage,manifest::research_ball_r1_pickup_precision_1c_drop::pickup-drop-r09,PICKED_UP_CARRIED,PICKED_UP_CARRIED,1,0.999485980818
linear_lda_shrinkage,manifest::research_ball_r1_pickup_precision_1e_step::track-step-slow-r03,TRACK_STEP_DROP,PICKED_UP_CARRIED,0,0.839886327169
linear_lda_shrinkage,manifest::research_ball_r1_pickup_precision_1e_rail::putt-rail-normal-r04,COLLISION_RAIL,COLLISION_RAIL,1,0.999999999995
linear_lda_shrinkage,manifest::research_ball_r1_pickup_precision_1d_gentle::putt-gentle-varied-r10,ROLLING,ROLLING,1,0.995224738336
linear_lda_shrinkage,manifest::research_ball_r1_pickup_precision_1b::rolling-pickup-slow-r04,ROLLING_PICKUP,ROLLING_PICKUP,1,0.99999999269
linear_lda_shrinkage,manifest::research_ball_r1_pickup_precision_1c::pickup-carry-fast-r10,PICKED_UP_CARRIED,PICKED_UP_CARRIED,1,0.99981573591
linear_lda_shrinkage,manifest::research_ball_r1_pickup_precision_1a::handling-rotate-r05,HANDLING_NO_LIFT,HANDLING_NO_LIFT,1,0.999999807104
linear_lda_shrinkage,manifest::research_ball_r1_pickup_precision_1b::rolling-pickup-stress-r02,ROLLING_PICKUP,ROLLING_PICKUP,1,0.999908750235
linear_lda_shrinkage,archive::data/06_field_pickup/field-20260904-130555-pickup_carry-r06.jsonl,PICKED_UP_CARRIED,PICKED_UP_CARRIED,1,0.996417349704
linear_lda_shrinkage,archive::data/01_early_firmware_and_motion_tests/tag-stationary-v0.1.8-test-research-frozen.jsonl,STATIONARY,STATIONARY,1,0.99948760717
linear_lda_shrinkage,archive::data/01_early_firmware_and_motion_tests/tag-stationary-v0.1.7-post-confirm-frozen.jsonl,STATIONARY,STATIONARY,1,0.999479836209
linear_lda_shrinkage,manifest::research_ball_r1_pickup_precision_1e_rail::putt-rail-normal-r07,COLLISION_RAIL,COLLISION_RAIL,1,1
linear_lda_shrinkage,archive::data/07_field_putt/field-20260904-132804-1-putt_normal-r09.jsonl,ROLLING,ROLLING,1,0.995583944977
linear_lda_shrinkage,archive::data/01_early_firmware_and_motion_tests/tag-stationary-v0.1.7-post-handling-002-frozen.jsonl,STATIONARY,STATIONARY,1,0.999484282631
linear_lda_shrinkage,manifest::research_ball_r1_pickup_precision_1d_gentle::putt-gentle-r05-replacement,ROLLING,ROLLING,1,0.989310392224
linear_lda_shrinkage,archive::data/01_early_firmware_and_motion_tests/tag-stationary-v0.1.9-battery-swd-frozen.jsonl,STATIONARY,STATIONARY,1,0.999474720523
linear_lda_shrinkage,manifest::research_ball_r1_pickup_precision_1c_drop::pickup-drop-r02,PICKED_UP_CARRIED,PICKED_UP_CARRIED,1,0.918556885866
linear_lda_shrinkage,manifest::research_ball_r1_pickup_precision_1e_rail::putt-rail-normal-r06,COLLISION_RAIL,COLLISION_RAIL,1,1
linear_lda_shrinkage,archive::data/01_early_firmware_and_motion_tests/tag-stationary-v0.1.7-test-window.jsonl,STATIONARY,STATIONARY,1,0.999479576936
linear_lda_shrinkage,archive::data/06_field_pickup/field-20260904-130555-pickup_carry-r04.jsonl,PICKED_UP_CARRIED,PICKED_UP_CARRIED,1,0.86672923097
linear_lda_shrinkage,manifest::research_ball_r1_pickup_precision_1b::rolling-pickup-slow-r05,ROLLING_PICKUP,ROLLING_PICKUP,1,0.999999999837
linear_lda_shrinkage,manifest::research_ball_r1_manual_floor::roll-manual-light-r01,ROLLING,TRACK_STEP_DROP,0,0.910379238669
linear_lda_shrinkage,manifest::research_ball_r1_pickup_precision_1e_step::track-step-normal-r07,TRACK_STEP_DROP,TRACK_STEP_DROP,1,0.711957459478
linear_lda_shrinkage,manifest::research_ball_r1_pickup_precision_1c::pickup-carry-normal-r02,PICKED_UP_CARRIED,PICKED_UP_CARRIED,1,0.9988912485
linear_lda_shrinkage,archive::data/07_field_putt/field-20260904-132804-1-putt_normal-r08.jsonl,ROLLING,ROLLING,1,0.991089881105
linear_lda_shrinkage,manifest::research_ball_r1_pickup_precision_1a::handling-touch-r03,HANDLING_NO_LIFT,HANDLING_NO_LIFT,1,0.99999984083
linear_lda_shrinkage,manifest::research_ball_r1_pickup_precision_1b::rolling-pickup-stress-r01,ROLLING_PICKUP,TRACK_STEP_DROP,0,0.510790354046
linear_lda_shrinkage,archive::data/01_early_firmware_and_motion_tests/handling-v0.1.7-001.jsonl,HANDLING_NO_LIFT,STATIONARY,0,0.997582786368
linear_lda_shrinkage,archive::data/06_field_pickup/field-20260904-130555-pickup_carry-r10.jsonl,PICKED_UP_CARRIED,PICKED_UP_CARRIED,1,0.999973256308
linear_lda_shrinkage,manifest::research_ball_r0_stationary::stationary-o2-r01,STATIONARY,STATIONARY,1,0.999386050293
linear_lda_shrinkage,manifest::research_ball_r1_pickup_precision_1e_step::track-step-fast-r08-replacement,TRACK_STEP_DROP,ROLLING,0,0.772580940401
linear_lda_shrinkage,manifest::research_ball_r1_pickup_precision_1a::handling-slide-r10,HANDLING_NO_LIFT,HANDLING_NO_LIFT,1,0.999990068144
linear_lda_shrinkage,manifest::research_ball_r1_pickup_precision_1e_rail::putt-rail-light-r01,COLLISION_RAIL,COLLISION_RAIL,1,0.999999999959
linear_lda_shrinkage,archive::data/07_field_putt/field-20260904-132804-1-putt_normal-r07.jsonl,ROLLING,ROLLING,1,0.874636324302
linear_lda_shrinkage,archive::data/06_field_pickup/field-20260904-130555-pickup_carry-r08.jsonl,PICKED_UP_CARRIED,PICKED_UP_CARRIED,1,0.995861777843
linear_lda_shrinkage,manifest::research_ball_r1_pickup_precision_1e_step::track-step-slow-r01,TRACK_STEP_DROP,TRACK_STEP_DROP,1,0.567582677203
linear_lda_shrinkage,manifest::research_ball_r1_pickup_precision_1b::rolling-pickup-normal-r07,ROLLING_PICKUP,ROLLING_PICKUP,1,0.999999627358
linear_lda_shrinkage,manifest::research_ball_r1_pickup_precision_1e_rail::putt-rail-firm-r10,COLLISION_RAIL,COLLISION_RAIL,1,1
linear_lda_shrinkage,manifest::research_ball_r1_pickup_precision_1b::rolling-pickup-normal-r08,ROLLING_PICKUP,ROLLING_PICKUP,1,0.999920292221
linear_lda_shrinkage,manifest::research_ball_r1_manual_floor::roll-manual-medium-r01,ROLLING,TRACK_STEP_DROP,0,0.801676998305
linear_lda_shrinkage,manifest::research_ball_r1_pickup_precision_1c_drop::pickup-drop-r07,PICKED_UP_CARRIED,PICKED_UP_CARRIED,1,0.9963656518
linear_lda_shrinkage,manifest::research_ball_r1_pickup_precision_1d_gentle::putt-gentle-varied-r08,ROLLING,ROLLING,1,0.54146160134
linear_lda_shrinkage,manifest::research_ball_r1_pickup_precision_1a::handling-slide-r07,HANDLING_NO_LIFT,HANDLING_NO_LIFT,1,0.999995734375
linear_lda_shrinkage,manifest::research_ball_r1_pickup_precision_1c_drop::pickup-drop-r01,PICKED_UP_CARRIED,PICKED_UP_CARRIED,1,0.996432350531
linear_lda_shrinkage,archive::data/01_early_firmware_and_motion_tests/pickup-carry-002.jsonl,PICKED_UP_CARRIED,STATIONARY,0,0.999879352386
linear_lda_shrinkage,manifest::research_ball_r1_pickup_precision_1c::pickup-carry-slow-r07,PICKED_UP_CARRIED,PICKED_UP_CARRIED,1,0.999440264094
linear_lda_shrinkage,manifest::research_ball_r1_pickup_precision_1c::pickup-carry-fast-r08,PICKED_UP_CARRIED,PICKED_UP_CARRIED,1,0.990824805482
rbf_svm,archive::data/01_early_firmware_and_motion_tests/pickup-carry-natural-v0.1.7-001.jsonl,PICKED_UP_CARRIED,PICKED_UP_CARRIED,1,0.825886079932
rbf_svm,manifest::research_ball_r1_pickup_precision_1d_gentle::putt-gentle-varied-r09,ROLLING,TRACK_STEP_DROP,0,0.582590805543
rbf_svm,archive::data/01_early_firmware_and_motion_tests/tag-stationary-v0.1.7-tilted-003-frozen.jsonl,STATIONARY,STATIONARY,1,0.606916292142
rbf_svm,manifest::research_ball_r1_pickup_precision_1e_step::track-step-fast-r10,TRACK_STEP_DROP,ROLLING,0,0.638057544611
rbf_svm,manifest::research_ball_r1_pickup_precision_1e_step::track-step-fast-r09,TRACK_STEP_DROP,ROLLING,0,0.661624125892
rbf_svm,archive::data/01_early_firmware_and_motion_tests/pickup-carry-003.jsonl,PICKED_UP_CARRIED,PICKED_UP_CARRIED,1,0.584370902057
rbf_svm,archive::data/07_field_putt/field-20260904-132804-1-putt_normal-r06.jsonl,ROLLING,PICKED_UP_CARRIED,0,0.848742294955
rbf_svm,manifest::research_ball_r1_pickup_precision_1a::handling-slide-r08,HANDLING_NO_LIFT,HANDLING_NO_LIFT,1,0.618632139342
rbf_svm,archive::data/06_field_pickup/field-20260904-130555-pickup_carry-r03.jsonl,PICKED_UP_CARRIED,IMPACT_TAP,0,0.259270604663
rbf_svm,manifest::research_ball_r1_manual_floor::armed-stationary-smoke-r01,STATIONARY,STATIONARY,1,0.611153856655
rbf_svm,archive::data/01_early_firmware_and_motion_tests/tag-stationary-v0.1.9-test-research-frozen.jsonl,STATIONARY,STATIONARY,1,0.6076060088
rbf_svm,archive::data/01_early_firmware_and_motion_tests/tag-wake-v0.1.11-battery-auto-frozen.jsonl,HANDLING_NO_LIFT,STATIONARY,0,0.623605630831
rbf_svm,manifest::research_ball_r1_pickup_precision_1c::pickup-carry-normal-r01,PICKED_UP_CARRIED,PICKED_UP_CARRIED,1,0.818550767471
rbf_svm,archive::data/06_field_pickup/field-20260904-130555-pickup_carry-r01.jsonl,PICKED_UP_CARRIED,PICKED_UP_CARRIED,1,0.818157026594
rbf_svm,manifest::research_ball_r1_pickup_precision_1c::pickup-carry-normal-r04,PICKED_UP_CARRIED,PICKED_UP_CARRIED,1,0.835637715859
rbf_svm,manifest::research_ball_r1_pickup_precision_1c_drop::pickup-drop-r04,PICKED_UP_CARRIED,PICKED_UP_CARRIED,1,0.839555839899
rbf_svm,manifest::research_ball_r1_pickup_precision_1c_drop::pickup-drop-r08,PICKED_UP_CARRIED,PICKED_UP_CARRIED,1,0.863876695376
rbf_svm,manifest::research_ball_r1_pickup_precision_1c_drop::pickup-drop-r05,PICKED_UP_CARRIED,PICKED_UP_CARRIED,1,0.858645812962
rbf_svm,manifest::research_ball_r1_pickup_precision_1c::pickup-carry-normal-r03,PICKED_UP_CARRIED,PICKED_UP_CARRIED,1,0.85737710535
rbf_svm,archive::data/01_early_firmware_and_motion_tests/tag-stationary-v0.1.6-interactive-retry-smoke.jsonl,STATIONARY,STATIONARY,1,0.603857727811
rbf_svm,manifest::research_ball_r1_manual_floor::pickup-carry-r01,PICKED_UP_CARRIED,PICKED_UP_CARRIED,1,0.733535980113
rbf_svm,archive::data/01_early_firmware_and_motion_tests/handling-v0.1.7-002.jsonl,HANDLING_NO_LIFT,IMPACT_TAP,0,0.553863992722
rbf_svm,archive::data/01_early_firmware_and_motion_tests/tag-stationary-v0.1.6-post-confirm.jsonl,STATIONARY,STATIONARY,1,0.605817965571
rbf_svm,manifest::research_ball_r1_pickup_precision_1e_rail::putt-rail-firm-r08,COLLISION_RAIL,COLLISION_RAIL,1,0.71827656179
rbf_svm,manifest::research_ball_r1_pickup_precision_1c_drop::pickup-drop-r03,PICKED_UP_CARRIED,PICKED_UP_CARRIED,1,0.829651812727
rbf_svm,manifest::research_ball_r1_pickup_precision_1c::pickup-carry-slow-r05,PICKED_UP_CARRIED,PICKED_UP_CARRIED,1,0.852808743625
rbf_svm,manifest::research_ball_r1_pickup_precision_1a::handling-slide-r09,HANDLING_NO_LIFT,HANDLING_NO_LIFT,1,0.700284872857
rbf_svm,manifest::research_ball_r1_pickup_precision_1e_step::track-step-normal-r05,TRACK_STEP_DROP,TRACK_STEP_DROP,1,0.322863811609
rbf_svm,manifest::research_ball_r1_pickup_precision_1e_step::track-step-slow-r02,TRACK_STEP_DROP,IMPACT_TAP,0,0.3088130547
rbf_svm,manifest::research_ball_r1_pickup_precision_1c_drop::pickup-drop-r06,PICKED_UP_CARRIED,PICKED_UP_CARRIED,1,0.868950941721
rbf_svm,manifest::research_ball_r1_pickup_precision_1e_rail::putt-rail-normal-r05,COLLISION_RAIL,COLLISION_RAIL,1,0.684511331024
rbf_svm,archive::data/07_field_putt/field-20260904-132804-1-putt_normal-r05.jsonl,ROLLING,STATIONARY,0,0.649232284143
rbf_svm,manifest::research_ball_r1_pickup_precision_1a::handling-rotate-r06,HANDLING_NO_LIFT,HANDLING_NO_LIFT,1,0.729642803751
rbf_svm,manifest::research_ball_r1_pickup_precision_1d_gentle::putt-gentle-light-r07,ROLLING,ROLLING,1,0.603969395687
rbf_svm,manifest::research_ball_r1_pickup_precision_1d_gentle::putt-gentle-very-light-r02,ROLLING,TRACK_STEP_DROP,0,0.575607582558
rbf_svm,manifest::research_ball_r1_pickup_precision_1e_rail::putt-rail-light-r03,COLLISION_RAIL,COLLISION_RAIL,1,0.691038132571
rbf_svm,archive::data/06_field_pickup/field-20260904-130555-pickup_carry-r05.jsonl,PICKED_UP_CARRIED,PICKED_UP_CARRIED,1,0.76500030132
rbf_svm,archive::data/01_early_firmware_and_motion_tests/tag-stationary-v0.1.6-interactive-smoke.jsonl,STATIONARY,STATIONARY,1,0.604475400804
rbf_svm,archive::data/01_early_firmware_and_motion_tests/tag-stationary-v0.1.6-test.jsonl,STATIONARY,STATIONARY,1,0.603498602741
rbf_svm,manifest::research_ball_r1_manual_floor::stationary-pre-r01,STATIONARY,STATIONARY,1,0.617219856246
rbf_svm,archive::data/01_early_firmware_and_motion_tests/tag-stationary-v0.1.7-test-frozen.jsonl,STATIONARY,STATIONARY,1,0.606204437171
rbf_svm,archive::data/07_field_putt/field-20260904-132804-1-putt_normal-r10.jsonl,ROLLING,ROLLING,1,0.62434345307
rbf_svm,manifest::research_ball_r1_pickup_precision_1a::handling-rotate-r04,HANDLING_NO_LIFT,HANDLING_NO_LIFT,1,0.699471118617
rbf_svm,archive::data/06_field_pickup/field-20260904-123003-1-pickup_carry-r02.jsonl,PICKED_UP_CARRIED,PICKED_UP_CARRIED,1,0.616135866585
rbf_svm,archive::data/06_field_pickup/field-20260904-130555-pickup_carry-r09.jsonl,PICKED_UP_CARRIED,PICKED_UP_CARRIED,1,0.732120841859
rbf_svm,manifest::research_ball_r1_pickup_precision_1d_gentle::putt-gentle-light-r06,ROLLING,TRACK_STEP_DROP,0,0.390742728117
rbf_svm,manifest::research_ball_r1_pickup_precision_1d_gentle::putt-gentle-very-light-r01,ROLLING,TRACK_STEP_DROP,0,0.481115504802
rbf_svm,archive::data/01_early_firmware_and_motion_tests/tag-labelled-workflow-v0.1.5.jsonl,STATIONARY,STATIONARY,1,0.594378669029
rbf_svm,manifest::research_ball_r1_pickup_precision_1b::rolling-pickup-near-stop-r10,ROLLING_PICKUP,ROLLING_PICKUP,1,0.418014275656
rbf_svm,manifest::research_ball_r1_pickup_precision_1b::rolling-pickup-normal-r06,ROLLING_PICKUP,TRACK_STEP_DROP,0,0.311481379253
rbf_svm,manifest::research_ball_r1_pickup_precision_1c_drop::pickup-drop-r10,PICKED_UP_CARRIED,PICKED_UP_CARRIED,1,0.855076334115
rbf_svm,manifest::research_ball_r1_manual_floor::stationary-post-r01,STATIONARY,STATIONARY,1,0.619818327476
rbf_svm,archive::data/01_early_firmware_and_motion_tests/pickup-carry-natural-v0.1.7-002.jsonl,PICKED_UP_CARRIED,STATIONARY,0,0.386727653027
rbf_svm,manifest::research_ball_r1_pickup_precision_1d_gentle::putt-gentle-very-light-r03,ROLLING,TRACK_STEP_DROP,0,0.517832343876
rbf_svm,archive::data/06_field_pickup/field-20260904-123003-1-pickup_carry-r01.jsonl,PICKED_UP_CARRIED,PICKED_UP_CARRIED,1,0.880626471963
rbf_svm,archive::data/06_field_pickup/field-20260904-130555-pickup_carry-r02.jsonl,PICKED_UP_CARRIED,PICKED_UP_CARRIED,1,0.855623004254
rbf_svm,manifest::research_ball_r1_pickup_precision_1a::handling-touch-r02,HANDLING_NO_LIFT,HANDLING_NO_LIFT,1,0.581245160784
rbf_svm,manifest::research_ball_r1_pickup_precision_1e_step::track-step-normal-r04,TRACK_STEP_DROP,TRACK_STEP_DROP,1,0.37201495535
rbf_svm,manifest::research_ball_r1_manual_floor::restrained-repeated-taps-r01,IMPACT_TAP,PICKED_UP_CARRIED,0,0.548920647851
rbf_svm,archive::data/01_early_firmware_and_motion_tests/pickup-carry-natural-001.jsonl,PICKED_UP_CARRIED,STATIONARY,0,0.635343878872
rbf_svm,manifest::research_ball_r1_pickup_precision_1e_rail::putt-rail-firm-r09,COLLISION_RAIL,ROLLING,0,0.525852470551
rbf_svm,archive::data/04_roller_preliminary/roller-r0-stationary-o1-r01.jsonl,STATIONARY,STATIONARY,1,0.622111871411
rbf_svm,manifest::research_ball_r1_pickup_precision_1e_rail::putt-rail-light-r02,COLLISION_RAIL,COLLISION_RAIL,1,0.538632544217
rbf_svm,archive::data/06_field_pickup/field-20260904-130555-pickup_carry-r07.jsonl,PICKED_UP_CARRIED,PICKED_UP_CARRIED,1,0.322424430917
rbf_svm,manifest::research_ball_r1_pickup_precision_1c::pickup-carry-slow-r06,PICKED_UP_CARRIED,PICKED_UP_CARRIED,1,0.839802502948
rbf_svm,manifest::research_ball_r1_pickup_precision_1b::rolling-pickup-near-stop-r09,ROLLING_PICKUP,TRACK_STEP_DROP,0,0.263869840233
rbf_svm,manifest::research_ball_r1_pickup_precision_1e_step::track-step-normal-r06,TRACK_STEP_DROP,ROLLING,0,0.628353843183
rbf_svm,archive::data/01_early_firmware_and_motion_tests/tag-stationary-v0.1.6-host-audit.jsonl,STATIONARY,STATIONARY,1,0.601184923538
rbf_svm,manifest::research_ball_r1_pickup_precision_1b::rolling-pickup-slow-r03,ROLLING_PICKUP,ROLLING_PICKUP,1,0.551880054436
rbf_svm,manifest::research_ball_r1_pickup_precision_1c::pickup-carry-fast-r09,PICKED_UP_CARRIED,PICKED_UP_CARRIED,1,0.798649689271
rbf_svm,archive::data/01_early_firmware_and_motion_tests/tag-wake-v0.1.9-test-auto-frozen.jsonl,HANDLING_NO_LIFT,PICKED_UP_CARRIED,0,0.866257619729
rbf_svm,manifest::research_ball_r1_pickup_precision_1a::handling-touch-r01,HANDLING_NO_LIFT,HANDLING_NO_LIFT,1,0.634612688981
rbf_svm,manifest::research_ball_r1_pickup_precision_1d_gentle::putt-gentle-light-r04,ROLLING,ROLLING,1,0.615238123619
rbf_svm,archive::data/01_early_firmware_and_motion_tests/pickup-carry-001.jsonl,PICKED_UP_CARRIED,STATIONARY,0,0.631750671889
rbf_svm,manifest::research_ball_r0_stationary::stationary-o1-r01,STATIONARY,STATIONARY,1,0.617413800549
rbf_svm,manifest::research_ball_r1_pickup_precision_1c_drop::pickup-drop-r09,PICKED_UP_CARRIED,PICKED_UP_CARRIED,1,0.847471633996
rbf_svm,manifest::research_ball_r1_pickup_precision_1e_step::track-step-slow-r03,TRACK_STEP_DROP,IMPACT_TAP,0,0.588566389798
rbf_svm,manifest::research_ball_r1_pickup_precision_1e_rail::putt-rail-normal-r04,COLLISION_RAIL,COLLISION_RAIL,1,0.693451614485
rbf_svm,manifest::research_ball_r1_pickup_precision_1d_gentle::putt-gentle-varied-r10,ROLLING,ROLLING,1,0.612082553922
rbf_svm,manifest::research_ball_r1_pickup_precision_1b::rolling-pickup-slow-r04,ROLLING_PICKUP,ROLLING_PICKUP,1,0.583805076737
rbf_svm,manifest::research_ball_r1_pickup_precision_1c::pickup-carry-fast-r10,PICKED_UP_CARRIED,PICKED_UP_CARRIED,1,0.829297771266
rbf_svm,manifest::research_ball_r1_pickup_precision_1a::handling-rotate-r05,HANDLING_NO_LIFT,HANDLING_NO_LIFT,1,0.725027670825
rbf_svm,manifest::research_ball_r1_pickup_precision_1b::rolling-pickup-stress-r02,ROLLING_PICKUP,ROLLING,0,0.417419449965
rbf_svm,archive::data/06_field_pickup/field-20260904-130555-pickup_carry-r06.jsonl,PICKED_UP_CARRIED,PICKED_UP_CARRIED,1,0.850994980745
rbf_svm,archive::data/01_early_firmware_and_motion_tests/tag-stationary-v0.1.8-test-research-frozen.jsonl,STATIONARY,STATIONARY,1,0.60668860465
rbf_svm,archive::data/01_early_firmware_and_motion_tests/tag-stationary-v0.1.7-post-confirm-frozen.jsonl,STATIONARY,STATIONARY,1,0.605841352017
rbf_svm,manifest::research_ball_r1_pickup_precision_1e_rail::putt-rail-normal-r07,COLLISION_RAIL,COLLISION_RAIL,1,0.662464818455
rbf_svm,archive::data/07_field_putt/field-20260904-132804-1-putt_normal-r09.jsonl,ROLLING,ROLLING,1,0.61888650101
rbf_svm,archive::data/01_early_firmware_and_motion_tests/tag-stationary-v0.1.7-post-handling-002-frozen.jsonl,STATIONARY,STATIONARY,1,0.605989728827
rbf_svm,manifest::research_ball_r1_pickup_precision_1d_gentle::putt-gentle-r05-replacement,ROLLING,ROLLING,1,0.585334798564
rbf_svm,archive::data/01_early_firmware_and_motion_tests/tag-stationary-v0.1.9-battery-swd-frozen.jsonl,STATIONARY,STATIONARY,1,0.603034118231
rbf_svm,manifest::research_ball_r1_pickup_precision_1c_drop::pickup-drop-r02,PICKED_UP_CARRIED,PICKED_UP_CARRIED,1,0.752760216443
rbf_svm,manifest::research_ball_r1_pickup_precision_1e_rail::putt-rail-normal-r06,COLLISION_RAIL,COLLISION_RAIL,1,0.671716493642
rbf_svm,archive::data/01_early_firmware_and_motion_tests/tag-stationary-v0.1.7-test-window.jsonl,STATIONARY,STATIONARY,1,0.605392058701
rbf_svm,archive::data/06_field_pickup/field-20260904-130555-pickup_carry-r04.jsonl,PICKED_UP_CARRIED,IMPACT_TAP,0,0.63789041335
rbf_svm,manifest::research_ball_r1_pickup_precision_1b::rolling-pickup-slow-r05,ROLLING_PICKUP,ROLLING_PICKUP,1,0.56237069645
rbf_svm,manifest::research_ball_r1_manual_floor::roll-manual-light-r01,ROLLING,TRACK_STEP_DROP,0,0.341548262891
rbf_svm,manifest::research_ball_r1_pickup_precision_1e_step::track-step-normal-r07,TRACK_STEP_DROP,TRACK_STEP_DROP,1,0.306145806569
rbf_svm,manifest::research_ball_r1_pickup_precision_1c::pickup-carry-normal-r02,PICKED_UP_CARRIED,PICKED_UP_CARRIED,1,0.8267051497
rbf_svm,archive::data/07_field_putt/field-20260904-132804-1-putt_normal-r08.jsonl,ROLLING,ROLLING,1,0.579436475794
rbf_svm,manifest::research_ball_r1_pickup_precision_1a::handling-touch-r03,HANDLING_NO_LIFT,HANDLING_NO_LIFT,1,0.703319601438
rbf_svm,manifest::research_ball_r1_pickup_precision_1b::rolling-pickup-stress-r01,ROLLING_PICKUP,TRACK_STEP_DROP,0,0.492459171814
rbf_svm,archive::data/01_early_firmware_and_motion_tests/handling-v0.1.7-001.jsonl,HANDLING_NO_LIFT,STATIONARY,0,0.444088988522
rbf_svm,archive::data/06_field_pickup/field-20260904-130555-pickup_carry-r10.jsonl,PICKED_UP_CARRIED,PICKED_UP_CARRIED,1,0.841689461424
rbf_svm,manifest::research_ball_r0_stationary::stationary-o2-r01,STATIONARY,STATIONARY,1,0.579893227683
rbf_svm,manifest::research_ball_r1_pickup_precision_1e_step::track-step-fast-r08-replacement,TRACK_STEP_DROP,ROLLING,0,0.593254279387
rbf_svm,manifest::research_ball_r1_pickup_precision_1a::handling-slide-r10,HANDLING_NO_LIFT,HANDLING_NO_LIFT,1,0.489987326509
rbf_svm,manifest::research_ball_r1_pickup_precision_1e_rail::putt-rail-light-r01,COLLISION_RAIL,COLLISION_RAIL,1,0.713006110578
rbf_svm,archive::data/07_field_putt/field-20260904-132804-1-putt_normal-r07.jsonl,ROLLING,ROLLING,1,0.548686368296
rbf_svm,archive::data/06_field_pickup/field-20260904-130555-pickup_carry-r08.jsonl,PICKED_UP_CARRIED,PICKED_UP_CARRIED,1,0.782552233788
rbf_svm,manifest::research_ball_r1_pickup_precision_1e_step::track-step-slow-r01,TRACK_STEP_DROP,IMPACT_TAP,0,0.296388954765
rbf_svm,manifest::research_ball_r1_pickup_precision_1b::rolling-pickup-normal-r07,ROLLING_PICKUP,ROLLING_PICKUP,1,0.436378338949
rbf_svm,manifest::research_ball_r1_pickup_precision_1e_rail::putt-rail-firm-r10,COLLISION_RAIL,COLLISION_RAIL,1,0.387567267772
rbf_svm,manifest::research_ball_r1_pickup_precision_1b::rolling-pickup-normal-r08,ROLLING_PICKUP,ROLLING_PICKUP,1,0.522169387461
rbf_svm,manifest::research_ball_r1_manual_floor::roll-manual-medium-r01,ROLLING,TRACK_STEP_DROP,0,0.388586407783
rbf_svm,manifest::research_ball_r1_pickup_precision_1c_drop::pickup-drop-r07,PICKED_UP_CARRIED,PICKED_UP_CARRIED,1,0.844170606619
rbf_svm,manifest::research_ball_r1_pickup_precision_1d_gentle::putt-gentle-varied-r08,ROLLING,TRACK_STEP_DROP,0,0.496507864029
rbf_svm,manifest::research_ball_r1_pickup_precision_1a::handling-slide-r07,HANDLING_NO_LIFT,HANDLING_NO_LIFT,1,0.679802805434
rbf_svm,manifest::research_ball_r1_pickup_precision_1c_drop::pickup-drop-r01,PICKED_UP_CARRIED,PICKED_UP_CARRIED,1,0.846103659501
rbf_svm,archive::data/01_early_firmware_and_motion_tests/pickup-carry-002.jsonl,PICKED_UP_CARRIED,STATIONARY,0,0.631039126244
rbf_svm,manifest::research_ball_r1_pickup_precision_1c::pickup-carry-slow-r07,PICKED_UP_CARRIED,PICKED_UP_CARRIED,1,0.846076073031
rbf_svm,manifest::research_ball_r1_pickup_precision_1c::pickup-carry-fast-r08,PICKED_UP_CARRIED,PICKED_UP_CARRIED,1,0.715657486843
random_forest,archive::data/01_early_firmware_and_motion_tests/pickup-carry-natural-v0.1.7-001.jsonl,PICKED_UP_CARRIED,PICKED_UP_CARRIED,1,0.739081686698
random_forest,manifest::research_ball_r1_pickup_precision_1d_gentle::putt-gentle-varied-r09,ROLLING,ROLLING,1,0.690022818162
random_forest,archive::data/01_early_firmware_and_motion_tests/tag-stationary-v0.1.7-tilted-003-frozen.jsonl,STATIONARY,STATIONARY,1,0.872315913036
random_forest,manifest::research_ball_r1_pickup_precision_1e_step::track-step-fast-r10,TRACK_STEP_DROP,ROLLING,0,0.654809585647
random_forest,manifest::research_ball_r1_pickup_precision_1e_step::track-step-fast-r09,TRACK_STEP_DROP,ROLLING,0,0.483731613137
random_forest,archive::data/01_early_firmware_and_motion_tests/pickup-carry-003.jsonl,PICKED_UP_CARRIED,PICKED_UP_CARRIED,1,0.399275205439
random_forest,archive::data/07_field_putt/field-20260904-132804-1-putt_normal-r06.jsonl,ROLLING,PICKED_UP_CARRIED,0,0.57559220235
random_forest,manifest::research_ball_r1_pickup_precision_1a::handling-slide-r08,HANDLING_NO_LIFT,HANDLING_NO_LIFT,1,0.755407432307
random_forest,archive::data/06_field_pickup/field-20260904-130555-pickup_carry-r03.jsonl,PICKED_UP_CARRIED,PICKED_UP_CARRIED,1,0.492561994867
random_forest,manifest::research_ball_r1_manual_floor::armed-stationary-smoke-r01,STATIONARY,STATIONARY,1,0.876057656303
random_forest,archive::data/01_early_firmware_and_motion_tests/tag-stationary-v0.1.9-test-research-frozen.jsonl,STATIONARY,STATIONARY,1,0.86351533336
random_forest,archive::data/01_early_firmware_and_motion_tests/tag-wake-v0.1.11-battery-auto-frozen.jsonl,HANDLING_NO_LIFT,STATIONARY,0,0.72055773449
random_forest,manifest::research_ball_r1_pickup_precision_1c::pickup-carry-normal-r01,PICKED_UP_CARRIED,PICKED_UP_CARRIED,1,0.88320676059
random_forest,archive::data/06_field_pickup/field-20260904-130555-pickup_carry-r01.jsonl,PICKED_UP_CARRIED,PICKED_UP_CARRIED,1,0.88325077782
random_forest,manifest::research_ball_r1_pickup_precision_1c::pickup-carry-normal-r04,PICKED_UP_CARRIED,PICKED_UP_CARRIED,1,0.770601061474
random_forest,manifest::research_ball_r1_pickup_precision_1c_drop::pickup-drop-r04,PICKED_UP_CARRIED,PICKED_UP_CARRIED,1,0.942240314223
random_forest,manifest::research_ball_r1_pickup_precision_1c_drop::pickup-drop-r08,PICKED_UP_CARRIED,PICKED_UP_CARRIED,1,0.95502569951
random_forest,manifest::research_ball_r1_pickup_precision_1c_drop::pickup-drop-r05,PICKED_UP_CARRIED,PICKED_UP_CARRIED,1,0.966744211784
random_forest,manifest::research_ball_r1_pickup_precision_1c::pickup-carry-normal-r03,PICKED_UP_CARRIED,PICKED_UP_CARRIED,1,0.911298948784
random_forest,archive::data/01_early_firmware_and_motion_tests/tag-stationary-v0.1.6-interactive-retry-smoke.jsonl,STATIONARY,STATIONARY,1,0.899305592269
random_forest,manifest::research_ball_r1_manual_floor::pickup-carry-r01,PICKED_UP_CARRIED,PICKED_UP_CARRIED,1,0.926167852643
random_forest,archive::data/01_early_firmware_and_motion_tests/handling-v0.1.7-002.jsonl,HANDLING_NO_LIFT,PICKED_UP_CARRIED,0,0.431736026253
random_forest,archive::data/01_early_firmware_and_motion_tests/tag-stationary-v0.1.6-post-confirm.jsonl,STATIONARY,STATIONARY,1,0.805794335362
random_forest,manifest::research_ball_r1_pickup_precision_1e_rail::putt-rail-firm-r08,COLLISION_RAIL,COLLISION_RAIL,1,0.672204805034
random_forest,manifest::research_ball_r1_pickup_precision_1c_drop::pickup-drop-r03,PICKED_UP_CARRIED,PICKED_UP_CARRIED,1,0.896809199095
random_forest,manifest::research_ball_r1_pickup_precision_1c::pickup-carry-slow-r05,PICKED_UP_CARRIED,PICKED_UP_CARRIED,1,0.881301550942
random_forest,manifest::research_ball_r1_pickup_precision_1a::handling-slide-r09,HANDLING_NO_LIFT,HANDLING_NO_LIFT,1,0.873115892206
random_forest,manifest::research_ball_r1_pickup_precision_1e_step::track-step-normal-r05,TRACK_STEP_DROP,TRACK_STEP_DROP,1,0.711893399131
random_forest,manifest::research_ball_r1_pickup_precision_1e_step::track-step-slow-r02,TRACK_STEP_DROP,TRACK_STEP_DROP,1,0.461526802167
random_forest,manifest::research_ball_r1_pickup_precision_1c_drop::pickup-drop-r06,PICKED_UP_CARRIED,PICKED_UP_CARRIED,1,0.961758416711
random_forest,manifest::research_ball_r1_pickup_precision_1e_rail::putt-rail-normal-r05,COLLISION_RAIL,COLLISION_RAIL,1,0.930779937415
random_forest,archive::data/07_field_putt/field-20260904-132804-1-putt_normal-r05.jsonl,ROLLING,STATIONARY,0,0.829179505227
random_forest,manifest::research_ball_r1_pickup_precision_1a::handling-rotate-r06,HANDLING_NO_LIFT,HANDLING_NO_LIFT,1,0.851887015555
random_forest,manifest::research_ball_r1_pickup_precision_1d_gentle::putt-gentle-light-r07,ROLLING,ROLLING,1,0.767527087632
random_forest,manifest::research_ball_r1_pickup_precision_1d_gentle::putt-gentle-very-light-r02,ROLLING,ROLLING,1,0.670125696926
random_forest,manifest::research_ball_r1_pickup_precision_1e_rail::putt-rail-light-r03,COLLISION_RAIL,COLLISION_RAIL,1,0.881456265936
random_forest,archive::data/06_field_pickup/field-20260904-130555-pickup_carry-r05.jsonl,PICKED_UP_CARRIED,PICKED_UP_CARRIED,1,0.78212423954
random_forest,archive::data/01_early_firmware_and_motion_tests/tag-stationary-v0.1.6-interactive-smoke.jsonl,STATIONARY,STATIONARY,1,0.840063675602
random_forest,archive::data/01_early_firmware_and_motion_tests/tag-stationary-v0.1.6-test.jsonl,STATIONARY,STATIONARY,1,0.761849750783
random_forest,manifest::research_ball_r1_manual_floor::stationary-pre-r01,STATIONARY,STATIONARY,1,0.83062207528
random_forest,archive::data/01_early_firmware_and_motion_tests/tag-stationary-v0.1.7-test-frozen.jsonl,STATIONARY,STATIONARY,1,0.766626540426
random_forest,archive::data/07_field_putt/field-20260904-132804-1-putt_normal-r10.jsonl,ROLLING,ROLLING,1,0.641232012335
random_forest,manifest::research_ball_r1_pickup_precision_1a::handling-rotate-r04,HANDLING_NO_LIFT,HANDLING_NO_LIFT,1,0.843918806399
random_forest,archive::data/06_field_pickup/field-20260904-123003-1-pickup_carry-r02.jsonl,PICKED_UP_CARRIED,IMPACT_TAP,0,0.297574289497
random_forest,archive::data/06_field_pickup/field-20260904-130555-pickup_carry-r09.jsonl,PICKED_UP_CARRIED,PICKED_UP_CARRIED,1,0.508773047899
random_forest,manifest::research_ball_r1_pickup_precision_1d_gentle::putt-gentle-light-r06,ROLLING,ROLLING,1,0.350025932234
random_forest,manifest::research_ball_r1_pickup_precision_1d_gentle::putt-gentle-very-light-r01,ROLLING,ROLLING,1,0.55866231109
random_forest,archive::data/01_early_firmware_and_motion_tests/tag-labelled-workflow-v0.1.5.jsonl,STATIONARY,STATIONARY,1,0.689458527398
random_forest,manifest::research_ball_r1_pickup_precision_1b::rolling-pickup-near-stop-r10,ROLLING_PICKUP,ROLLING_PICKUP,1,0.745266442745
random_forest,manifest::research_ball_r1_pickup_precision_1b::rolling-pickup-normal-r06,ROLLING_PICKUP,ROLLING_PICKUP,1,0.58787636743
random_forest,manifest::research_ball_r1_pickup_precision_1c_drop::pickup-drop-r10,PICKED_UP_CARRIED,PICKED_UP_CARRIED,1,0.964259302569
random_forest,manifest::research_ball_r1_manual_floor::stationary-post-r01,STATIONARY,STATIONARY,1,0.817608634911
random_forest,archive::data/01_early_firmware_and_motion_tests/pickup-carry-natural-v0.1.7-002.jsonl,PICKED_UP_CARRIED,HANDLING_NO_LIFT,0,0.583680014439
random_forest,manifest::research_ball_r1_pickup_precision_1d_gentle::putt-gentle-very-light-r03,ROLLING,ROLLING,1,0.544831687255
random_forest,archive::data/06_field_pickup/field-20260904-123003-1-pickup_carry-r01.jsonl,PICKED_UP_CARRIED,PICKED_UP_CARRIED,1,0.895775708471
random_forest,archive::data/06_field_pickup/field-20260904-130555-pickup_carry-r02.jsonl,PICKED_UP_CARRIED,PICKED_UP_CARRIED,1,0.94796559074
random_forest,manifest::research_ball_r1_pickup_precision_1a::handling-touch-r02,HANDLING_NO_LIFT,HANDLING_NO_LIFT,1,0.843540003353
random_forest,manifest::research_ball_r1_pickup_precision_1e_step::track-step-normal-r04,TRACK_STEP_DROP,TRACK_STEP_DROP,1,0.623841441637
random_forest,manifest::research_ball_r1_manual_floor::restrained-repeated-taps-r01,IMPACT_TAP,PICKED_UP_CARRIED,0,0.43435620202
random_forest,archive::data/01_early_firmware_and_motion_tests/pickup-carry-natural-001.jsonl,PICKED_UP_CARRIED,STATIONARY,0,0.95299154064
random_forest,manifest::research_ball_r1_pickup_precision_1e_rail::putt-rail-firm-r09,COLLISION_RAIL,ROLLING,0,0.65618347188
random_forest,archive::data/04_roller_preliminary/roller-r0-stationary-o1-r01.jsonl,STATIONARY,STATIONARY,1,0.725956271442
random_forest,manifest::research_ball_r1_pickup_precision_1e_rail::putt-rail-light-r02,COLLISION_RAIL,COLLISION_RAIL,1,0.573935585062
random_forest,archive::data/06_field_pickup/field-20260904-130555-pickup_carry-r07.jsonl,PICKED_UP_CARRIED,IMPACT_TAP,0,0.507889116541
random_forest,manifest::research_ball_r1_pickup_precision_1c::pickup-carry-slow-r06,PICKED_UP_CARRIED,PICKED_UP_CARRIED,1,0.974270480231
random_forest,manifest::research_ball_r1_pickup_precision_1b::rolling-pickup-near-stop-r09,ROLLING_PICKUP,ROLLING_PICKUP,1,0.271422341096
random_forest,manifest::research_ball_r1_pickup_precision_1e_step::track-step-normal-r06,TRACK_STEP_DROP,TRACK_STEP_DROP,1,0.465960608734
random_forest,archive::data/01_early_firmware_and_motion_tests/tag-stationary-v0.1.6-host-audit.jsonl,STATIONARY,STATIONARY,1,0.794928099633
random_forest,manifest::research_ball_r1_pickup_precision_1b::rolling-pickup-slow-r03,ROLLING_PICKUP,ROLLING_PICKUP,1,0.587443578309
random_forest,manifest::research_ball_r1_pickup_precision_1c::pickup-carry-fast-r09,PICKED_UP_CARRIED,PICKED_UP_CARRIED,1,0.830753682553
random_forest,archive::data/01_early_firmware_and_motion_tests/tag-wake-v0.1.9-test-auto-frozen.jsonl,HANDLING_NO_LIFT,PICKED_UP_CARRIED,0,0.702286466912
random_forest,manifest::research_ball_r1_pickup_precision_1a::handling-touch-r01,HANDLING_NO_LIFT,HANDLING_NO_LIFT,1,0.826334710375
random_forest,manifest::research_ball_r1_pickup_precision_1d_gentle::putt-gentle-light-r04,ROLLING,ROLLING,1,0.605631283529
random_forest,archive::data/01_early_firmware_and_motion_tests/pickup-carry-001.jsonl,PICKED_UP_CARRIED,STATIONARY,0,0.8945200599
random_forest,manifest::research_ball_r0_stationary::stationary-o1-r01,STATIONARY,STATIONARY,1,0.796242398473
random_forest,manifest::research_ball_r1_pickup_precision_1c_drop::pickup-drop-r09,PICKED_UP_CARRIED,PICKED_UP_CARRIED,1,0.95029875058
random_forest,manifest::research_ball_r1_pickup_precision_1e_step::track-step-slow-r03,TRACK_STEP_DROP,HANDLING_NO_LIFT,0,0.374793010698
random_forest,manifest::research_ball_r1_pickup_precision_1e_rail::putt-rail-normal-r04,COLLISION_RAIL,COLLISION_RAIL,1,0.815859624062
random_forest,manifest::research_ball_r1_pickup_precision_1d_gentle::putt-gentle-varied-r10,ROLLING,ROLLING,1,0.535952498423
random_forest,manifest::research_ball_r1_pickup_precision_1b::rolling-pickup-slow-r04,ROLLING_PICKUP,ROLLING_PICKUP,1,0.740120097742
random_forest,manifest::research_ball_r1_pickup_precision_1c::pickup-carry-fast-r10,PICKED_UP_CARRIED,PICKED_UP_CARRIED,1,0.921937982273
random_forest,manifest::research_ball_r1_pickup_precision_1a::handling-rotate-r05,HANDLING_NO_LIFT,HANDLING_NO_LIFT,1,0.865470046319
random_forest,manifest::research_ball_r1_pickup_precision_1b::rolling-pickup-stress-r02,ROLLING_PICKUP,ROLLING_PICKUP,1,0.418375989407
random_forest,archive::data/06_field_pickup/field-20260904-130555-pickup_carry-r06.jsonl,PICKED_UP_CARRIED,PICKED_UP_CARRIED,1,0.854993111165
random_forest,archive::data/01_early_firmware_and_motion_tests/tag-stationary-v0.1.8-test-research-frozen.jsonl,STATIONARY,STATIONARY,1,0.88586734895
random_forest,archive::data/01_early_firmware_and_motion_tests/tag-stationary-v0.1.7-post-confirm-frozen.jsonl,STATIONARY,STATIONARY,1,0.704493121368
random_forest,manifest::research_ball_r1_pickup_precision_1e_rail::putt-rail-normal-r07,COLLISION_RAIL,COLLISION_RAIL,1,0.861229852105
random_forest,archive::data/07_field_putt/field-20260904-132804-1-putt_normal-r09.jsonl,ROLLING,ROLLING,1,0.701305022106
random_forest,archive::data/01_early_firmware_and_motion_tests/tag-stationary-v0.1.7-post-handling-002-frozen.jsonl,STATIONARY,STATIONARY,1,0.88031441633
random_forest,manifest::research_ball_r1_pickup_precision_1d_gentle::putt-gentle-r05-replacement,ROLLING,ROLLING,1,0.622736850386
random_forest,archive::data/01_early_firmware_and_motion_tests/tag-stationary-v0.1.9-battery-swd-frozen.jsonl,STATIONARY,STATIONARY,1,0.822746081645
random_forest,manifest::research_ball_r1_pickup_precision_1c_drop::pickup-drop-r02,PICKED_UP_CARRIED,PICKED_UP_CARRIED,1,0.927290568636
random_forest,manifest::research_ball_r1_pickup_precision_1e_rail::putt-rail-normal-r06,COLLISION_RAIL,COLLISION_RAIL,1,0.85427268362
random_forest,archive::data/01_early_firmware_and_motion_tests/tag-stationary-v0.1.7-test-window.jsonl,STATIONARY,STATIONARY,1,0.801179149207
random_forest,archive::data/06_field_pickup/field-20260904-130555-pickup_carry-r04.jsonl,PICKED_UP_CARRIED,PICKED_UP_CARRIED,1,0.752330099194
random_forest,manifest::research_ball_r1_pickup_precision_1b::rolling-pickup-slow-r05,ROLLING_PICKUP,ROLLING_PICKUP,1,0.704162587805
random_forest,manifest::research_ball_r1_manual_floor::roll-manual-light-r01,ROLLING,TRACK_STEP_DROP,0,0.443738232644
random_forest,manifest::research_ball_r1_pickup_precision_1e_step::track-step-normal-r07,TRACK_STEP_DROP,TRACK_STEP_DROP,1,0.426164613353
random_forest,manifest::research_ball_r1_pickup_precision_1c::pickup-carry-normal-r02,PICKED_UP_CARRIED,PICKED_UP_CARRIED,1,0.909209354571
random_forest,archive::data/07_field_putt/field-20260904-132804-1-putt_normal-r08.jsonl,ROLLING,ROLLING,1,0.731301935206
random_forest,manifest::research_ball_r1_pickup_precision_1a::handling-touch-r03,HANDLING_NO_LIFT,HANDLING_NO_LIFT,1,0.682399293707
random_forest,manifest::research_ball_r1_pickup_precision_1b::rolling-pickup-stress-r01,ROLLING_PICKUP,ROLLING_PICKUP,1,0.47991701574
random_forest,archive::data/01_early_firmware_and_motion_tests/handling-v0.1.7-001.jsonl,HANDLING_NO_LIFT,PICKED_UP_CARRIED,0,0.363149637776
random_forest,archive::data/06_field_pickup/field-20260904-130555-pickup_carry-r10.jsonl,PICKED_UP_CARRIED,PICKED_UP_CARRIED,1,0.896773262679
random_forest,manifest::research_ball_r0_stationary::stationary-o2-r01,STATIONARY,STATIONARY,1,0.672917101515
random_forest,manifest::research_ball_r1_pickup_precision_1e_step::track-step-fast-r08-replacement,TRACK_STEP_DROP,ROLLING,0,0.469424581663
random_forest,manifest::research_ball_r1_pickup_precision_1a::handling-slide-r10,HANDLING_NO_LIFT,HANDLING_NO_LIFT,1,0.656815403547
random_forest,manifest::research_ball_r1_pickup_precision_1e_rail::putt-rail-light-r01,COLLISION_RAIL,COLLISION_RAIL,1,0.587018705263
random_forest,archive::data/07_field_putt/field-20260904-132804-1-putt_normal-r07.jsonl,ROLLING,ROLLING,1,0.600747378343
random_forest,archive::data/06_field_pickup/field-20260904-130555-pickup_carry-r08.jsonl,PICKED_UP_CARRIED,PICKED_UP_CARRIED,1,0.919544399998
random_forest,manifest::research_ball_r1_pickup_precision_1e_step::track-step-slow-r01,TRACK_STEP_DROP,TRACK_STEP_DROP,1,0.573447854865
random_forest,manifest::research_ball_r1_pickup_precision_1b::rolling-pickup-normal-r07,ROLLING_PICKUP,ROLLING_PICKUP,1,0.681352332105
random_forest,manifest::research_ball_r1_pickup_precision_1e_rail::putt-rail-firm-r10,COLLISION_RAIL,COLLISION_RAIL,1,0.616959351098
random_forest,manifest::research_ball_r1_pickup_precision_1b::rolling-pickup-normal-r08,ROLLING_PICKUP,ROLLING_PICKUP,1,0.788587280399
random_forest,manifest::research_ball_r1_manual_floor::roll-manual-medium-r01,ROLLING,TRACK_STEP_DROP,0,0.420846597756
random_forest,manifest::research_ball_r1_pickup_precision_1c_drop::pickup-drop-r07,PICKED_UP_CARRIED,PICKED_UP_CARRIED,1,0.963326972856
random_forest,manifest::research_ball_r1_pickup_precision_1d_gentle::putt-gentle-varied-r08,ROLLING,ROLLING,1,0.625177282016
random_forest,manifest::research_ball_r1_pickup_precision_1a::handling-slide-r07,HANDLING_NO_LIFT,HANDLING_NO_LIFT,1,0.560992179389
random_forest,manifest::research_ball_r1_pickup_precision_1c_drop::pickup-drop-r01,PICKED_UP_CARRIED,PICKED_UP_CARRIED,1,0.853706880768
random_forest,archive::data/01_early_firmware_and_motion_tests/pickup-carry-002.jsonl,PICKED_UP_CARRIED,STATIONARY,0,0.749941675654
random_forest,manifest::research_ball_r1_pickup_precision_1c::pickup-carry-slow-r07,PICKED_UP_CARRIED,PICKED_UP_CARRIED,1,0.922317885365
random_forest,manifest::research_ball_r1_pickup_precision_1c::pickup-carry-fast-r08,PICKED_UP_CARRIED,PICKED_UP_CARRIED,1,0.785411245442
extra_trees,archive::data/01_early_firmware_and_motion_tests/pickup-carry-natural-v0.1.7-001.jsonl,PICKED_UP_CARRIED,PICKED_UP_CARRIED,1,0.681049217473
extra_trees,manifest::research_ball_r1_pickup_precision_1d_gentle::putt-gentle-varied-r09,ROLLING,ROLLING,1,0.624883718488
extra_trees,archive::data/01_early_firmware_and_motion_tests/tag-stationary-v0.1.7-tilted-003-frozen.jsonl,STATIONARY,STATIONARY,1,0.773263480177
extra_trees,manifest::research_ball_r1_pickup_precision_1e_step::track-step-fast-r10,TRACK_STEP_DROP,ROLLING,0,0.672627019161
extra_trees,manifest::research_ball_r1_pickup_precision_1e_step::track-step-fast-r09,TRACK_STEP_DROP,ROLLING,0,0.461849761751
extra_trees,archive::data/01_early_firmware_and_motion_tests/pickup-carry-003.jsonl,PICKED_UP_CARRIED,IMPACT_TAP,0,0.376090020296
extra_trees,archive::data/07_field_putt/field-20260904-132804-1-putt_normal-r06.jsonl,ROLLING,PICKED_UP_CARRIED,0,0.58290184711
extra_trees,manifest::research_ball_r1_pickup_precision_1a::handling-slide-r08,HANDLING_NO_LIFT,HANDLING_NO_LIFT,1,0.743994742985
extra_trees,archive::data/06_field_pickup/field-20260904-130555-pickup_carry-r03.jsonl,PICKED_UP_CARRIED,PICKED_UP_CARRIED,1,0.394094235986
extra_trees,manifest::research_ball_r1_manual_floor::armed-stationary-smoke-r01,STATIONARY,STATIONARY,1,0.793431704061
extra_trees,archive::data/01_early_firmware_and_motion_tests/tag-stationary-v0.1.9-test-research-frozen.jsonl,STATIONARY,STATIONARY,1,0.790517564548
extra_trees,archive::data/01_early_firmware_and_motion_tests/tag-wake-v0.1.11-battery-auto-frozen.jsonl,HANDLING_NO_LIFT,STATIONARY,0,0.821104446494
extra_trees,manifest::research_ball_r1_pickup_precision_1c::pickup-carry-normal-r01,PICKED_UP_CARRIED,PICKED_UP_CARRIED,1,0.893796126068
extra_trees,archive::data/06_field_pickup/field-20260904-130555-pickup_carry-r01.jsonl,PICKED_UP_CARRIED,PICKED_UP_CARRIED,1,0.897034154065
extra_trees,manifest::research_ball_r1_pickup_precision_1c::pickup-carry-normal-r04,PICKED_UP_CARRIED,PICKED_UP_CARRIED,1,0.810385038038
extra_trees,manifest::research_ball_r1_pickup_precision_1c_drop::pickup-drop-r04,PICKED_UP_CARRIED,PICKED_UP_CARRIED,1,0.932751658457
extra_trees,manifest::research_ball_r1_pickup_precision_1c_drop::pickup-drop-r08,PICKED_UP_CARRIED,PICKED_UP_CARRIED,1,0.940805987682
extra_trees,manifest::research_ball_r1_pickup_precision_1c_drop::pickup-drop-r05,PICKED_UP_CARRIED,PICKED_UP_CARRIED,1,0.968983309363
extra_trees,manifest::research_ball_r1_pickup_precision_1c::pickup-carry-normal-r03,PICKED_UP_CARRIED,PICKED_UP_CARRIED,1,0.942456331944
extra_trees,archive::data/01_early_firmware_and_motion_tests/tag-stationary-v0.1.6-interactive-retry-smoke.jsonl,STATIONARY,STATIONARY,1,0.786189508889
extra_trees,manifest::research_ball_r1_manual_floor::pickup-carry-r01,PICKED_UP_CARRIED,PICKED_UP_CARRIED,1,0.912623967997
extra_trees,archive::data/01_early_firmware_and_motion_tests/handling-v0.1.7-002.jsonl,HANDLING_NO_LIFT,IMPACT_TAP,0,0.349443219623
extra_trees,archive::data/01_early_firmware_and_motion_tests/tag-stationary-v0.1.6-post-confirm.jsonl,STATIONARY,STATIONARY,1,0.793940984092
extra_trees,manifest::research_ball_r1_pickup_precision_1e_rail::putt-rail-firm-r08,COLLISION_RAIL,COLLISION_RAIL,1,0.744381971026
extra_trees,manifest::research_ball_r1_pickup_precision_1c_drop::pickup-drop-r03,PICKED_UP_CARRIED,PICKED_UP_CARRIED,1,0.928751245032
extra_trees,manifest::research_ball_r1_pickup_precision_1c::pickup-carry-slow-r05,PICKED_UP_CARRIED,PICKED_UP_CARRIED,1,0.822435329584
extra_trees,manifest::research_ball_r1_pickup_precision_1a::handling-slide-r09,HANDLING_NO_LIFT,HANDLING_NO_LIFT,1,0.931340172917
extra_trees,manifest::research_ball_r1_pickup_precision_1e_step::track-step-normal-r05,TRACK_STEP_DROP,TRACK_STEP_DROP,1,0.728873480667
extra_trees,manifest::research_ball_r1_pickup_precision_1e_step::track-step-slow-r02,TRACK_STEP_DROP,TRACK_STEP_DROP,1,0.503977454033
extra_trees,manifest::research_ball_r1_pickup_precision_1c_drop::pickup-drop-r06,PICKED_UP_CARRIED,PICKED_UP_CARRIED,1,0.95831270455
extra_trees,manifest::research_ball_r1_pickup_precision_1e_rail::putt-rail-normal-r05,COLLISION_RAIL,COLLISION_RAIL,1,0.964172173351
extra_trees,archive::data/07_field_putt/field-20260904-132804-1-putt_normal-r05.jsonl,ROLLING,STATIONARY,0,0.836548216466
extra_trees,manifest::research_ball_r1_pickup_precision_1a::handling-rotate-r06,HANDLING_NO_LIFT,HANDLING_NO_LIFT,1,0.932650320916
extra_trees,manifest::research_ball_r1_pickup_precision_1d_gentle::putt-gentle-light-r07,ROLLING,ROLLING,1,0.68098998293
extra_trees,manifest::research_ball_r1_pickup_precision_1d_gentle::putt-gentle-very-light-r02,ROLLING,ROLLING,1,0.695565381262
extra_trees,manifest::research_ball_r1_pickup_precision_1e_rail::putt-rail-light-r03,COLLISION_RAIL,COLLISION_RAIL,1,0.953980789211
extra_trees,archive::data/06_field_pickup/field-20260904-130555-pickup_carry-r05.jsonl,PICKED_UP_CARRIED,PICKED_UP_CARRIED,1,0.763771261443
extra_trees,archive::data/01_early_firmware_and_motion_tests/tag-stationary-v0.1.6-interactive-smoke.jsonl,STATIONARY,STATIONARY,1,0.783262200724
extra_trees,archive::data/01_early_firmware_and_motion_tests/tag-stationary-v0.1.6-test.jsonl,STATIONARY,STATIONARY,1,0.779196526764
extra_trees,manifest::research_ball_r1_manual_floor::stationary-pre-r01,STATIONARY,STATIONARY,1,0.775874406654
extra_trees,archive::data/01_early_firmware_and_motion_tests/tag-stationary-v0.1.7-test-frozen.jsonl,STATIONARY,STATIONARY,1,0.804431531405
extra_trees,archive::data/07_field_putt/field-20260904-132804-1-putt_normal-r10.jsonl,ROLLING,ROLLING,1,0.656678518827
extra_trees,manifest::research_ball_r1_pickup_precision_1a::handling-rotate-r04,HANDLING_NO_LIFT,HANDLING_NO_LIFT,1,0.960255483355
extra_trees,archive::data/06_field_pickup/field-20260904-123003-1-pickup_carry-r02.jsonl,PICKED_UP_CARRIED,IMPACT_TAP,0,0.432649465481
extra_trees,archive::data/06_field_pickup/field-20260904-130555-pickup_carry-r09.jsonl,PICKED_UP_CARRIED,PICKED_UP_CARRIED,1,0.599351360864
extra_trees,manifest::research_ball_r1_pickup_precision_1d_gentle::putt-gentle-light-r06,ROLLING,TRACK_STEP_DROP,0,0.310409852256
extra_trees,manifest::research_ball_r1_pickup_precision_1d_gentle::putt-gentle-very-light-r01,ROLLING,ROLLING,1,0.528923362515
extra_trees,archive::data/01_early_firmware_and_motion_tests/tag-labelled-workflow-v0.1.5.jsonl,STATIONARY,STATIONARY,1,0.77056668736
extra_trees,manifest::research_ball_r1_pickup_precision_1b::rolling-pickup-near-stop-r10,ROLLING_PICKUP,ROLLING_PICKUP,1,0.674366828795
extra_trees,manifest::research_ball_r1_pickup_precision_1b::rolling-pickup-normal-r06,ROLLING_PICKUP,ROLLING_PICKUP,1,0.586878538777
extra_trees,manifest::research_ball_r1_pickup_precision_1c_drop::pickup-drop-r10,PICKED_UP_CARRIED,PICKED_UP_CARRIED,1,0.949721816933
extra_trees,manifest::research_ball_r1_manual_floor::stationary-post-r01,STATIONARY,STATIONARY,1,0.768262677775
extra_trees,archive::data/01_early_firmware_and_motion_tests/pickup-carry-natural-v0.1.7-002.jsonl,PICKED_UP_CARRIED,STATIONARY,0,0.384585804032
extra_trees,manifest::research_ball_r1_pickup_precision_1d_gentle::putt-gentle-very-light-r03,ROLLING,ROLLING,1,0.507455884984
extra_trees,archive::data/06_field_pickup/field-20260904-123003-1-pickup_carry-r01.jsonl,PICKED_UP_CARRIED,PICKED_UP_CARRIED,1,0.880812966942
extra_trees,archive::data/06_field_pickup/field-20260904-130555-pickup_carry-r02.jsonl,PICKED_UP_CARRIED,PICKED_UP_CARRIED,1,0.940021002502
extra_trees,manifest::research_ball_r1_pickup_precision_1a::handling-touch-r02,HANDLING_NO_LIFT,HANDLING_NO_LIFT,1,0.918994118561
extra_trees,manifest::research_ball_r1_pickup_precision_1e_step::track-step-normal-r04,TRACK_STEP_DROP,TRACK_STEP_DROP,1,0.55773010484
extra_trees,manifest::research_ball_r1_manual_floor::restrained-repeated-taps-r01,IMPACT_TAP,HANDLING_NO_LIFT,0,0.437316840879
extra_trees,archive::data/01_early_firmware_and_motion_tests/pickup-carry-natural-001.jsonl,PICKED_UP_CARRIED,STATIONARY,0,0.838124952109
extra_trees,manifest::research_ball_r1_pickup_precision_1e_rail::putt-rail-firm-r09,COLLISION_RAIL,ROLLING,0,0.711358342166
extra_trees,archive::data/04_roller_preliminary/roller-r0-stationary-o1-r01.jsonl,STATIONARY,STATIONARY,1,0.736646058297
extra_trees,manifest::research_ball_r1_pickup_precision_1e_rail::putt-rail-light-r02,COLLISION_RAIL,COLLISION_RAIL,1,0.693565694025
extra_trees,archive::data/06_field_pickup/field-20260904-130555-pickup_carry-r07.jsonl,PICKED_UP_CARRIED,IMPACT_TAP,0,0.87894866744
extra_trees,manifest::research_ball_r1_pickup_precision_1c::pickup-carry-slow-r06,PICKED_UP_CARRIED,PICKED_UP_CARRIED,1,0.965032386169
extra_trees,manifest::research_ball_r1_pickup_precision_1b::rolling-pickup-near-stop-r09,ROLLING_PICKUP,ROLLING_PICKUP,1,0.265938548162
extra_trees,manifest::research_ball_r1_pickup_precision_1e_step::track-step-normal-r06,TRACK_STEP_DROP,TRACK_STEP_DROP,1,0.570352330166
extra_trees,archive::data/01_early_firmware_and_motion_tests/tag-stationary-v0.1.6-host-audit.jsonl,STATIONARY,STATIONARY,1,0.769989680042
extra_trees,manifest::research_ball_r1_pickup_precision_1b::rolling-pickup-slow-r03,ROLLING_PICKUP,ROLLING_PICKUP,1,0.655161151076
extra_trees,manifest::research_ball_r1_pickup_precision_1c::pickup-carry-fast-r09,PICKED_UP_CARRIED,PICKED_UP_CARRIED,1,0.874206907198
extra_trees,archive::data/01_early_firmware_and_motion_tests/tag-wake-v0.1.9-test-auto-frozen.jsonl,HANDLING_NO_LIFT,PICKED_UP_CARRIED,0,0.665659507995
extra_trees,manifest::research_ball_r1_pickup_precision_1a::handling-touch-r01,HANDLING_NO_LIFT,HANDLING_NO_LIFT,1,0.955120771767
extra_trees,manifest::research_ball_r1_pickup_precision_1d_gentle::putt-gentle-light-r04,ROLLING,ROLLING,1,0.653642980677
extra_trees,archive::data/01_early_firmware_and_motion_tests/pickup-carry-001.jsonl,PICKED_UP_CARRIED,STATIONARY,0,0.807233866754
extra_trees,manifest::research_ball_r0_stationary::stationary-o1-r01,STATIONARY,STATIONARY,1,0.792375420785
extra_trees,manifest::research_ball_r1_pickup_precision_1c_drop::pickup-drop-r09,PICKED_UP_CARRIED,PICKED_UP_CARRIED,1,0.940727754607
extra_trees,manifest::research_ball_r1_pickup_precision_1e_step::track-step-slow-r03,TRACK_STEP_DROP,HANDLING_NO_LIFT,0,0.294444166733
extra_trees,manifest::research_ball_r1_pickup_precision_1e_rail::putt-rail-normal-r04,COLLISION_RAIL,COLLISION_RAIL,1,0.871993967067
extra_trees,manifest::research_ball_r1_pickup_precision_1d_gentle::putt-gentle-varied-r10,ROLLING,ROLLING,1,0.619604382496
extra_trees,manifest::research_ball_r1_pickup_precision_1b::rolling-pickup-slow-r04,ROLLING_PICKUP,ROLLING_PICKUP,1,0.758925051899
extra_trees,manifest::research_ball_r1_pickup_precision_1c::pickup-carry-fast-r10,PICKED_UP_CARRIED,PICKED_UP_CARRIED,1,0.943413765151
extra_trees,manifest::research_ball_r1_pickup_precision_1a::handling-rotate-r05,HANDLING_NO_LIFT,HANDLING_NO_LIFT,1,0.94383797028
extra_trees,manifest::research_ball_r1_pickup_precision_1b::rolling-pickup-stress-r02,ROLLING_PICKUP,ROLLING,0,0.370339302284
extra_trees,archive::data/06_field_pickup/field-20260904-130555-pickup_carry-r06.jsonl,PICKED_UP_CARRIED,PICKED_UP_CARRIED,1,0.797554140377
extra_trees,archive::data/01_early_firmware_and_motion_tests/tag-stationary-v0.1.8-test-research-frozen.jsonl,STATIONARY,STATIONARY,1,0.792749373066
extra_trees,archive::data/01_early_firmware_and_motion_tests/tag-stationary-v0.1.7-post-confirm-frozen.jsonl,STATIONARY,STATIONARY,1,0.805277588503
extra_trees,manifest::research_ball_r1_pickup_precision_1e_rail::putt-rail-normal-r07,COLLISION_RAIL,COLLISION_RAIL,1,0.893595453188
extra_trees,archive::data/07_field_putt/field-20260904-132804-1-putt_normal-r09.jsonl,ROLLING,ROLLING,1,0.728257847057
extra_trees,archive::data/01_early_firmware_and_motion_tests/tag-stationary-v0.1.7-post-handling-002-frozen.jsonl,STATIONARY,STATIONARY,1,0.790318167618
extra_trees,manifest::research_ball_r1_pickup_precision_1d_gentle::putt-gentle-r05-replacement,ROLLING,ROLLING,1,0.605402137288
extra_trees,archive::data/01_early_firmware_and_motion_tests/tag-stationary-v0.1.9-battery-swd-frozen.jsonl,STATIONARY,STATIONARY,1,0.767248358278
extra_trees,manifest::research_ball_r1_pickup_precision_1c_drop::pickup-drop-r02,PICKED_UP_CARRIED,PICKED_UP_CARRIED,1,0.8733831002
extra_trees,manifest::research_ball_r1_pickup_precision_1e_rail::putt-rail-normal-r06,COLLISION_RAIL,COLLISION_RAIL,1,0.899571790757
extra_trees,archive::data/01_early_firmware_and_motion_tests/tag-stationary-v0.1.7-test-window.jsonl,STATIONARY,STATIONARY,1,0.801955836469
extra_trees,archive::data/06_field_pickup/field-20260904-130555-pickup_carry-r04.jsonl,PICKED_UP_CARRIED,PICKED_UP_CARRIED,1,0.659948562324
extra_trees,manifest::research_ball_r1_pickup_precision_1b::rolling-pickup-slow-r05,ROLLING_PICKUP,ROLLING_PICKUP,1,0.706227992698
extra_trees,manifest::research_ball_r1_manual_floor::roll-manual-light-r01,ROLLING,TRACK_STEP_DROP,0,0.395476603561
extra_trees,manifest::research_ball_r1_pickup_precision_1e_step::track-step-normal-r07,TRACK_STEP_DROP,TRACK_STEP_DROP,1,0.422161097481
extra_trees,manifest::research_ball_r1_pickup_precision_1c::pickup-carry-normal-r02,PICKED_UP_CARRIED,PICKED_UP_CARRIED,1,0.893814888497
extra_trees,archive::data/07_field_putt/field-20260904-132804-1-putt_normal-r08.jsonl,ROLLING,ROLLING,1,0.779569453415
extra_trees,manifest::research_ball_r1_pickup_precision_1a::handling-touch-r03,HANDLING_NO_LIFT,HANDLING_NO_LIFT,1,0.923706513896
extra_trees,manifest::research_ball_r1_pickup_precision_1b::rolling-pickup-stress-r01,ROLLING_PICKUP,ROLLING_PICKUP,1,0.576493873227
extra_trees,archive::data/01_early_firmware_and_motion_tests/handling-v0.1.7-001.jsonl,HANDLING_NO_LIFT,STATIONARY,0,0.614542636566
extra_trees,archive::data/06_field_pickup/field-20260904-130555-pickup_carry-r10.jsonl,PICKED_UP_CARRIED,PICKED_UP_CARRIED,1,0.901082736211
extra_trees,manifest::research_ball_r0_stationary::stationary-o2-r01,STATIONARY,STATIONARY,1,0.75220635483
extra_trees,manifest::research_ball_r1_pickup_precision_1e_step::track-step-fast-r08-replacement,TRACK_STEP_DROP,TRACK_STEP_DROP,1,0.481075030557
extra_trees,manifest::research_ball_r1_pickup_precision_1a::handling-slide-r10,HANDLING_NO_LIFT,HANDLING_NO_LIFT,1,0.591984525135
extra_trees,manifest::research_ball_r1_pickup_precision_1e_rail::putt-rail-light-r01,COLLISION_RAIL,COLLISION_RAIL,1,0.647716059577
extra_trees,archive::data/07_field_putt/field-20260904-132804-1-putt_normal-r07.jsonl,ROLLING,ROLLING,1,0.588726914271
extra_trees,archive::data/06_field_pickup/field-20260904-130555-pickup_carry-r08.jsonl,PICKED_UP_CARRIED,PICKED_UP_CARRIED,1,0.8735034068
extra_trees,manifest::research_ball_r1_pickup_precision_1e_step::track-step-slow-r01,TRACK_STEP_DROP,TRACK_STEP_DROP,1,0.559327305778
extra_trees,manifest::research_ball_r1_pickup_precision_1b::rolling-pickup-normal-r07,ROLLING_PICKUP,ROLLING_PICKUP,1,0.569172624635
extra_trees,manifest::research_ball_r1_pickup_precision_1e_rail::putt-rail-firm-r10,COLLISION_RAIL,COLLISION_RAIL,1,0.644555639701
extra_trees,manifest::research_ball_r1_pickup_precision_1b::rolling-pickup-normal-r08,ROLLING_PICKUP,ROLLING_PICKUP,1,0.740564134746
extra_trees,manifest::research_ball_r1_manual_floor::roll-manual-medium-r01,ROLLING,TRACK_STEP_DROP,0,0.333171485874
extra_trees,manifest::research_ball_r1_pickup_precision_1c_drop::pickup-drop-r07,PICKED_UP_CARRIED,PICKED_UP_CARRIED,1,0.949227744344
extra_trees,manifest::research_ball_r1_pickup_precision_1d_gentle::putt-gentle-varied-r08,ROLLING,ROLLING,1,0.661607573937
extra_trees,manifest::research_ball_r1_pickup_precision_1a::handling-slide-r07,HANDLING_NO_LIFT,HANDLING_NO_LIFT,1,0.627237587968
extra_trees,manifest::research_ball_r1_pickup_precision_1c_drop::pickup-drop-r01,PICKED_UP_CARRIED,PICKED_UP_CARRIED,1,0.906253889637
extra_trees,archive::data/01_early_firmware_and_motion_tests/pickup-carry-002.jsonl,PICKED_UP_CARRIED,STATIONARY,0,0.817416147785
extra_trees,manifest::research_ball_r1_pickup_precision_1c::pickup-carry-slow-r07,PICKED_UP_CARRIED,PICKED_UP_CARRIED,1,0.91499139991
extra_trees,manifest::research_ball_r1_pickup_precision_1c::pickup-carry-fast-r08,PICKED_UP_CARRIED,PICKED_UP_CARRIED,1,0.69917953948
rocket_lite_ridge,archive::data/01_early_firmware_and_motion_tests/pickup-carry-natural-v0.1.7-001.jsonl,PICKED_UP_CARRIED,TRACK_STEP_DROP,0,
rocket_lite_ridge,manifest::research_ball_r1_pickup_precision_1d_gentle::putt-gentle-varied-r09,ROLLING,ROLLING,1,
rocket_lite_ridge,archive::data/01_early_firmware_and_motion_tests/tag-stationary-v0.1.7-tilted-003-frozen.jsonl,STATIONARY,STATIONARY,1,
rocket_lite_ridge,manifest::research_ball_r1_pickup_precision_1e_step::track-step-fast-r10,TRACK_STEP_DROP,TRACK_STEP_DROP,1,
rocket_lite_ridge,manifest::research_ball_r1_pickup_precision_1e_step::track-step-fast-r09,TRACK_STEP_DROP,ROLLING,0,
rocket_lite_ridge,archive::data/01_early_firmware_and_motion_tests/pickup-carry-003.jsonl,PICKED_UP_CARRIED,PICKED_UP_CARRIED,1,
rocket_lite_ridge,archive::data/07_field_putt/field-20260904-132804-1-putt_normal-r06.jsonl,ROLLING,PICKED_UP_CARRIED,0,
rocket_lite_ridge,manifest::research_ball_r1_pickup_precision_1a::handling-slide-r08,HANDLING_NO_LIFT,HANDLING_NO_LIFT,1,
rocket_lite_ridge,archive::data/06_field_pickup/field-20260904-130555-pickup_carry-r03.jsonl,PICKED_UP_CARRIED,PICKED_UP_CARRIED,1,
rocket_lite_ridge,manifest::research_ball_r1_manual_floor::armed-stationary-smoke-r01,STATIONARY,STATIONARY,1,
rocket_lite_ridge,archive::data/01_early_firmware_and_motion_tests/tag-stationary-v0.1.9-test-research-frozen.jsonl,STATIONARY,STATIONARY,1,
rocket_lite_ridge,archive::data/01_early_firmware_and_motion_tests/tag-wake-v0.1.11-battery-auto-frozen.jsonl,HANDLING_NO_LIFT,STATIONARY,0,
rocket_lite_ridge,manifest::research_ball_r1_pickup_precision_1c::pickup-carry-normal-r01,PICKED_UP_CARRIED,HANDLING_NO_LIFT,0,
rocket_lite_ridge,archive::data/06_field_pickup/field-20260904-130555-pickup_carry-r01.jsonl,PICKED_UP_CARRIED,PICKED_UP_CARRIED,1,
rocket_lite_ridge,manifest::research_ball_r1_pickup_precision_1c::pickup-carry-normal-r04,PICKED_UP_CARRIED,PICKED_UP_CARRIED,1,
rocket_lite_ridge,manifest::research_ball_r1_pickup_precision_1c_drop::pickup-drop-r04,PICKED_UP_CARRIED,PICKED_UP_CARRIED,1,
rocket_lite_ridge,manifest::research_ball_r1_pickup_precision_1c_drop::pickup-drop-r08,PICKED_UP_CARRIED,PICKED_UP_CARRIED,1,
rocket_lite_ridge,manifest::research_ball_r1_pickup_precision_1c_drop::pickup-drop-r05,PICKED_UP_CARRIED,PICKED_UP_CARRIED,1,
rocket_lite_ridge,manifest::research_ball_r1_pickup_precision_1c::pickup-carry-normal-r03,PICKED_UP_CARRIED,PICKED_UP_CARRIED,1,
rocket_lite_ridge,archive::data/01_early_firmware_and_motion_tests/tag-stationary-v0.1.6-interactive-retry-smoke.jsonl,STATIONARY,STATIONARY,1,
rocket_lite_ridge,manifest::research_ball_r1_manual_floor::pickup-carry-r01,PICKED_UP_CARRIED,PICKED_UP_CARRIED,1,
rocket_lite_ridge,archive::data/01_early_firmware_and_motion_tests/handling-v0.1.7-002.jsonl,HANDLING_NO_LIFT,PICKED_UP_CARRIED,0,
rocket_lite_ridge,archive::data/01_early_firmware_and_motion_tests/tag-stationary-v0.1.6-post-confirm.jsonl,STATIONARY,STATIONARY,1,
rocket_lite_ridge,manifest::research_ball_r1_pickup_precision_1e_rail::putt-rail-firm-r08,COLLISION_RAIL,HANDLING_NO_LIFT,0,
rocket_lite_ridge,manifest::research_ball_r1_pickup_precision_1c_drop::pickup-drop-r03,PICKED_UP_CARRIED,PICKED_UP_CARRIED,1,
rocket_lite_ridge,manifest::research_ball_r1_pickup_precision_1c::pickup-carry-slow-r05,PICKED_UP_CARRIED,PICKED_UP_CARRIED,1,
rocket_lite_ridge,manifest::research_ball_r1_pickup_precision_1a::handling-slide-r09,HANDLING_NO_LIFT,HANDLING_NO_LIFT,1,
rocket_lite_ridge,manifest::research_ball_r1_pickup_precision_1e_step::track-step-normal-r05,TRACK_STEP_DROP,ROLLING,0,
rocket_lite_ridge,manifest::research_ball_r1_pickup_precision_1e_step::track-step-slow-r02,TRACK_STEP_DROP,TRACK_STEP_DROP,1,
rocket_lite_ridge,manifest::research_ball_r1_pickup_precision_1c_drop::pickup-drop-r06,PICKED_UP_CARRIED,PICKED_UP_CARRIED,1,
rocket_lite_ridge,manifest::research_ball_r1_pickup_precision_1e_rail::putt-rail-normal-r05,COLLISION_RAIL,COLLISION_RAIL,1,
rocket_lite_ridge,archive::data/07_field_putt/field-20260904-132804-1-putt_normal-r05.jsonl,ROLLING,STATIONARY,0,
rocket_lite_ridge,manifest::research_ball_r1_pickup_precision_1a::handling-rotate-r06,HANDLING_NO_LIFT,HANDLING_NO_LIFT,1,
rocket_lite_ridge,manifest::research_ball_r1_pickup_precision_1d_gentle::putt-gentle-light-r07,ROLLING,PICKED_UP_CARRIED,0,
rocket_lite_ridge,manifest::research_ball_r1_pickup_precision_1d_gentle::putt-gentle-very-light-r02,ROLLING,ROLLING,1,
rocket_lite_ridge,manifest::research_ball_r1_pickup_precision_1e_rail::putt-rail-light-r03,COLLISION_RAIL,COLLISION_RAIL,1,
rocket_lite_ridge,archive::data/06_field_pickup/field-20260904-130555-pickup_carry-r05.jsonl,PICKED_UP_CARRIED,PICKED_UP_CARRIED,1,
rocket_lite_ridge,archive::data/01_early_firmware_and_motion_tests/tag-stationary-v0.1.6-interactive-smoke.jsonl,STATIONARY,STATIONARY,1,
rocket_lite_ridge,archive::data/01_early_firmware_and_motion_tests/tag-stationary-v0.1.6-test.jsonl,STATIONARY,STATIONARY,1,
rocket_lite_ridge,manifest::research_ball_r1_manual_floor::stationary-pre-r01,STATIONARY,STATIONARY,1,
rocket_lite_ridge,archive::data/01_early_firmware_and_motion_tests/tag-stationary-v0.1.7-test-frozen.jsonl,STATIONARY,STATIONARY,1,
rocket_lite_ridge,archive::data/07_field_putt/field-20260904-132804-1-putt_normal-r10.jsonl,ROLLING,ROLLING,1,
rocket_lite_ridge,manifest::research_ball_r1_pickup_precision_1a::handling-rotate-r04,HANDLING_NO_LIFT,HANDLING_NO_LIFT,1,
rocket_lite_ridge,archive::data/06_field_pickup/field-20260904-123003-1-pickup_carry-r02.jsonl,PICKED_UP_CARRIED,PICKED_UP_CARRIED,1,
rocket_lite_ridge,archive::data/06_field_pickup/field-20260904-130555-pickup_carry-r09.jsonl,PICKED_UP_CARRIED,STATIONARY,0,
rocket_lite_ridge,manifest::research_ball_r1_pickup_precision_1d_gentle::putt-gentle-light-r06,ROLLING,TRACK_STEP_DROP,0,
rocket_lite_ridge,manifest::research_ball_r1_pickup_precision_1d_gentle::putt-gentle-very-light-r01,ROLLING,ROLLING,1,
rocket_lite_ridge,archive::data/01_early_firmware_and_motion_tests/tag-labelled-workflow-v0.1.5.jsonl,STATIONARY,STATIONARY,1,
rocket_lite_ridge,manifest::research_ball_r1_pickup_precision_1b::rolling-pickup-near-stop-r10,ROLLING_PICKUP,PICKED_UP_CARRIED,0,
rocket_lite_ridge,manifest::research_ball_r1_pickup_precision_1b::rolling-pickup-normal-r06,ROLLING_PICKUP,PICKED_UP_CARRIED,0,
rocket_lite_ridge,manifest::research_ball_r1_pickup_precision_1c_drop::pickup-drop-r10,PICKED_UP_CARRIED,PICKED_UP_CARRIED,1,
rocket_lite_ridge,manifest::research_ball_r1_manual_floor::stationary-post-r01,STATIONARY,STATIONARY,1,
rocket_lite_ridge,archive::data/01_early_firmware_and_motion_tests/pickup-carry-natural-v0.1.7-002.jsonl,PICKED_UP_CARRIED,HANDLING_NO_LIFT,0,
rocket_lite_ridge,manifest::research_ball_r1_pickup_precision_1d_gentle::putt-gentle-very-light-r03,ROLLING,ROLLING,1,
rocket_lite_ridge,archive::data/06_field_pickup/field-20260904-123003-1-pickup_carry-r01.jsonl,PICKED_UP_CARRIED,PICKED_UP_CARRIED,1,
rocket_lite_ridge,archive::data/06_field_pickup/field-20260904-130555-pickup_carry-r02.jsonl,PICKED_UP_CARRIED,PICKED_UP_CARRIED,1,
rocket_lite_ridge,manifest::research_ball_r1_pickup_precision_1a::handling-touch-r02,HANDLING_NO_LIFT,PICKED_UP_CARRIED,0,
rocket_lite_ridge,manifest::research_ball_r1_pickup_precision_1e_step::track-step-normal-r04,TRACK_STEP_DROP,ROLLING,0,
rocket_lite_ridge,manifest::research_ball_r1_manual_floor::restrained-repeated-taps-r01,IMPACT_TAP,HANDLING_NO_LIFT,0,
rocket_lite_ridge,archive::data/01_early_firmware_and_motion_tests/pickup-carry-natural-001.jsonl,PICKED_UP_CARRIED,STATIONARY,0,
rocket_lite_ridge,manifest::research_ball_r1_pickup_precision_1e_rail::putt-rail-firm-r09,COLLISION_RAIL,ROLLING,0,
rocket_lite_ridge,archive::data/04_roller_preliminary/roller-r0-stationary-o1-r01.jsonl,STATIONARY,STATIONARY,1,
rocket_lite_ridge,manifest::research_ball_r1_pickup_precision_1e_rail::putt-rail-light-r02,COLLISION_RAIL,COLLISION_RAIL,1,
rocket_lite_ridge,archive::data/06_field_pickup/field-20260904-130555-pickup_carry-r07.jsonl,PICKED_UP_CARRIED,PICKED_UP_CARRIED,1,
rocket_lite_ridge,manifest::research_ball_r1_pickup_precision_1c::pickup-carry-slow-r06,PICKED_UP_CARRIED,HANDLING_NO_LIFT,0,
rocket_lite_ridge,manifest::research_ball_r1_pickup_precision_1b::rolling-pickup-near-stop-r09,ROLLING_PICKUP,PICKED_UP_CARRIED,0,
rocket_lite_ridge,manifest::research_ball_r1_pickup_precision_1e_step::track-step-normal-r06,TRACK_STEP_DROP,TRACK_STEP_DROP,1,
rocket_lite_ridge,archive::data/01_early_firmware_and_motion_tests/tag-stationary-v0.1.6-host-audit.jsonl,STATIONARY,STATIONARY,1,
rocket_lite_ridge,manifest::research_ball_r1_pickup_precision_1b::rolling-pickup-slow-r03,ROLLING_PICKUP,TRACK_STEP_DROP,0,
rocket_lite_ridge,manifest::research_ball_r1_pickup_precision_1c::pickup-carry-fast-r09,PICKED_UP_CARRIED,HANDLING_NO_LIFT,0,
rocket_lite_ridge,archive::data/01_early_firmware_and_motion_tests/tag-wake-v0.1.9-test-auto-frozen.jsonl,HANDLING_NO_LIFT,PICKED_UP_CARRIED,0,
rocket_lite_ridge,manifest::research_ball_r1_pickup_precision_1a::handling-touch-r01,HANDLING_NO_LIFT,HANDLING_NO_LIFT,1,
rocket_lite_ridge,manifest::research_ball_r1_pickup_precision_1d_gentle::putt-gentle-light-r04,ROLLING,ROLLING,1,
rocket_lite_ridge,archive::data/01_early_firmware_and_motion_tests/pickup-carry-001.jsonl,PICKED_UP_CARRIED,STATIONARY,0,
rocket_lite_ridge,manifest::research_ball_r0_stationary::stationary-o1-r01,STATIONARY,STATIONARY,1,
rocket_lite_ridge,manifest::research_ball_r1_pickup_precision_1c_drop::pickup-drop-r09,PICKED_UP_CARRIED,PICKED_UP_CARRIED,1,
rocket_lite_ridge,manifest::research_ball_r1_pickup_precision_1e_step::track-step-slow-r03,TRACK_STEP_DROP,TRACK_STEP_DROP,1,
rocket_lite_ridge,manifest::research_ball_r1_pickup_precision_1e_rail::putt-rail-normal-r04,COLLISION_RAIL,TRACK_STEP_DROP,0,
rocket_lite_ridge,manifest::research_ball_r1_pickup_precision_1d_gentle::putt-gentle-varied-r10,ROLLING,ROLLING,1,
rocket_lite_ridge,manifest::research_ball_r1_pickup_precision_1b::rolling-pickup-slow-r04,ROLLING_PICKUP,ROLLING_PICKUP,1,
rocket_lite_ridge,manifest::research_ball_r1_pickup_precision_1c::pickup-carry-fast-r10,PICKED_UP_CARRIED,PICKED_UP_CARRIED,1,
rocket_lite_ridge,manifest::research_ball_r1_pickup_precision_1a::handling-rotate-r05,HANDLING_NO_LIFT,HANDLING_NO_LIFT,1,
rocket_lite_ridge,manifest::research_ball_r1_pickup_precision_1b::rolling-pickup-stress-r02,ROLLING_PICKUP,ROLLING_PICKUP,1,
rocket_lite_ridge,archive::data/06_field_pickup/field-20260904-130555-pickup_carry-r06.jsonl,PICKED_UP_CARRIED,PICKED_UP_CARRIED,1,
rocket_lite_ridge,archive::data/01_early_firmware_and_motion_tests/tag-stationary-v0.1.8-test-research-frozen.jsonl,STATIONARY,STATIONARY,1,
rocket_lite_ridge,archive::data/01_early_firmware_and_motion_tests/tag-stationary-v0.1.7-post-confirm-frozen.jsonl,STATIONARY,STATIONARY,1,
rocket_lite_ridge,manifest::research_ball_r1_pickup_precision_1e_rail::putt-rail-normal-r07,COLLISION_RAIL,ROLLING_PICKUP,0,
rocket_lite_ridge,archive::data/07_field_putt/field-20260904-132804-1-putt_normal-r09.jsonl,ROLLING,ROLLING,1,
rocket_lite_ridge,archive::data/01_early_firmware_and_motion_tests/tag-stationary-v0.1.7-post-handling-002-frozen.jsonl,STATIONARY,STATIONARY,1,
rocket_lite_ridge,manifest::research_ball_r1_pickup_precision_1d_gentle::putt-gentle-r05-replacement,ROLLING,TRACK_STEP_DROP,0,
rocket_lite_ridge,archive::data/01_early_firmware_and_motion_tests/tag-stationary-v0.1.9-battery-swd-frozen.jsonl,STATIONARY,STATIONARY,1,
rocket_lite_ridge,manifest::research_ball_r1_pickup_precision_1c_drop::pickup-drop-r02,PICKED_UP_CARRIED,PICKED_UP_CARRIED,1,
rocket_lite_ridge,manifest::research_ball_r1_pickup_precision_1e_rail::putt-rail-normal-r06,COLLISION_RAIL,COLLISION_RAIL,1,
rocket_lite_ridge,archive::data/01_early_firmware_and_motion_tests/tag-stationary-v0.1.7-test-window.jsonl,STATIONARY,STATIONARY,1,
rocket_lite_ridge,archive::data/06_field_pickup/field-20260904-130555-pickup_carry-r04.jsonl,PICKED_UP_CARRIED,PICKED_UP_CARRIED,1,
rocket_lite_ridge,manifest::research_ball_r1_pickup_precision_1b::rolling-pickup-slow-r05,ROLLING_PICKUP,ROLLING_PICKUP,1,
rocket_lite_ridge,manifest::research_ball_r1_manual_floor::roll-manual-light-r01,ROLLING,ROLLING,1,
rocket_lite_ridge,manifest::research_ball_r1_pickup_precision_1e_step::track-step-normal-r07,TRACK_STEP_DROP,ROLLING,0,
rocket_lite_ridge,manifest::research_ball_r1_pickup_precision_1c::pickup-carry-normal-r02,PICKED_UP_CARRIED,PICKED_UP_CARRIED,1,
rocket_lite_ridge,archive::data/07_field_putt/field-20260904-132804-1-putt_normal-r08.jsonl,ROLLING,TRACK_STEP_DROP,0,
rocket_lite_ridge,manifest::research_ball_r1_pickup_precision_1a::handling-touch-r03,HANDLING_NO_LIFT,HANDLING_NO_LIFT,1,
rocket_lite_ridge,manifest::research_ball_r1_pickup_precision_1b::rolling-pickup-stress-r01,ROLLING_PICKUP,ROLLING_PICKUP,1,
rocket_lite_ridge,archive::data/01_early_firmware_and_motion_tests/handling-v0.1.7-001.jsonl,HANDLING_NO_LIFT,HANDLING_NO_LIFT,1,
rocket_lite_ridge,archive::data/06_field_pickup/field-20260904-130555-pickup_carry-r10.jsonl,PICKED_UP_CARRIED,PICKED_UP_CARRIED,1,
rocket_lite_ridge,manifest::research_ball_r0_stationary::stationary-o2-r01,STATIONARY,STATIONARY,1,
rocket_lite_ridge,manifest::research_ball_r1_pickup_precision_1e_step::track-step-fast-r08-replacement,TRACK_STEP_DROP,TRACK_STEP_DROP,1,
rocket_lite_ridge,manifest::research_ball_r1_pickup_precision_1a::handling-slide-r10,HANDLING_NO_LIFT,PICKED_UP_CARRIED,0,
rocket_lite_ridge,manifest::research_ball_r1_pickup_precision_1e_rail::putt-rail-light-r01,COLLISION_RAIL,COLLISION_RAIL,1,
rocket_lite_ridge,archive::data/07_field_putt/field-20260904-132804-1-putt_normal-r07.jsonl,ROLLING,ROLLING,1,
rocket_lite_ridge,archive::data/06_field_pickup/field-20260904-130555-pickup_carry-r08.jsonl,PICKED_UP_CARRIED,PICKED_UP_CARRIED,1,
rocket_lite_ridge,manifest::research_ball_r1_pickup_precision_1e_step::track-step-slow-r01,TRACK_STEP_DROP,ROLLING,0,
rocket_lite_ridge,manifest::research_ball_r1_pickup_precision_1b::rolling-pickup-normal-r07,ROLLING_PICKUP,COLLISION_RAIL,0,
rocket_lite_ridge,manifest::research_ball_r1_pickup_precision_1e_rail::putt-rail-firm-r10,COLLISION_RAIL,PICKED_UP_CARRIED,0,
rocket_lite_ridge,manifest::research_ball_r1_pickup_precision_1b::rolling-pickup-normal-r08,ROLLING_PICKUP,PICKED_UP_CARRIED,0,
rocket_lite_ridge,manifest::research_ball_r1_manual_floor::roll-manual-medium-r01,ROLLING,ROLLING,1,
rocket_lite_ridge,manifest::research_ball_r1_pickup_precision_1c_drop::pickup-drop-r07,PICKED_UP_CARRIED,PICKED_UP_CARRIED,1,
rocket_lite_ridge,manifest::research_ball_r1_pickup_precision_1d_gentle::putt-gentle-varied-r08,ROLLING,TRACK_STEP_DROP,0,
rocket_lite_ridge,manifest::research_ball_r1_pickup_precision_1a::handling-slide-r07,HANDLING_NO_LIFT,HANDLING_NO_LIFT,1,
rocket_lite_ridge,manifest::research_ball_r1_pickup_precision_1c_drop::pickup-drop-r01,PICKED_UP_CARRIED,PICKED_UP_CARRIED,1,
rocket_lite_ridge,archive::data/01_early_firmware_and_motion_tests/pickup-carry-002.jsonl,PICKED_UP_CARRIED,STATIONARY,0,
rocket_lite_ridge,manifest::research_ball_r1_pickup_precision_1c::pickup-carry-slow-r07,PICKED_UP_CARRIED,PICKED_UP_CARRIED,1,
rocket_lite_ridge,manifest::research_ball_r1_pickup_precision_1c::pickup-carry-fast-r08,PICKED_UP_CARRIED,PICKED_UP_CARRIED,1,
