source_path,packaged_path,category,quality,quality_note_zh,episode_label,capture_status,motion_samples,duration_s,observed_rate_hz,sequence_gaps,valid_fraction,first_active_offset_s,last_active_offset_s,marker_offset_s,adxl367_clip_samples,bmi270_accel_clip_samples,bmi270_gyro_clip_samples,device_id,boot_id,firmware_version,stream_rate_hz_claimed,malformed_json_lines,sha256
experiments/research_ball_r0_stationary/raw/stationary-o1-r01.jsonl,data/02_curated_stationary/stationary-o1-r01.jsonl,02_curated_stationary,curated_exploratory,已有仓库内说明和派生分析；仍不是产品分类器验证集。,stationary,PASS,1024,20.46,50.0,0,1.0,,,,0,0,0,f383571202836e6f,8881f66bd3ff32f0,0.1.13,50,0,9f4e45f69fe07991a9c0f6f55339e17bf1d5d3e2491b6c90364e9ed2617a2898
experiments/research_ball_r0_stationary/raw/stationary-o2-r01.jsonl,data/02_curated_stationary/stationary-o2-r01.jsonl,02_curated_stationary,curated_exploratory,已有仓库内说明和派生分析；仍不是产品分类器验证集。,stationary,PASS,1024,20.460032,49.999922,0,1.0,,,,0,0,0,f383571202836e6f,8881f66bd3ff32f0,0.1.13,50,0,db87ffd8feb16a676779c6c567dc7ba0dc269345d75b3ea1d6c33a4445750258
experiments/research_ball_r1_manual_floor/raw/armed-stationary-smoke-r01.jsonl,data/03_curated_manual_floor/armed-stationary-smoke-r01.jsonl,03_curated_manual_floor,curated_exploratory,已有仓库内说明和派生分析；仍不是产品分类器验证集。,stationary,PASS,400,7.98,50.0,0,1.0,,,3.0,0,0,0,f383571202836e6f,eab45817668ee95c,0.1.17,50,0,156dabc150c147ceafe5f4d87444bdfb44246b2ae190d7c03099e93fa863c5de
experiments/research_ball_r1_manual_floor/raw/pickup-carry-r01.jsonl,data/03_curated_manual_floor/pickup-carry-r01.jsonl,03_curated_manual_floor,curated_exploratory,已有仓库内说明和派生分析；仍不是产品分类器验证集。,pickup_carry,PASS,1024,20.460032,49.999922,0,1.0,4.86,12.760032,,0,0,0,f383571202836e6f,eab45817668ee95c,0.1.17,50,0,25e3967efd5b56aa08a6e01cac693ac1a8971f74640481c579e3fa01cbbf7d16
experiments/research_ball_r1_manual_floor/raw/restrained-repeated-taps-r01.jsonl,data/03_curated_manual_floor/restrained-repeated-taps-r01.jsonl,03_curated_manual_floor,curated_exploratory,已有仓库内说明和派生分析；仍不是产品分类器验证集。,impact_tap,PASS,1024,20.46,50.0,0,1.0,0.160032,18.16,,9,0,0,f383571202836e6f,eab45817668ee95c,0.1.17,50,0,8a02d252a2761246dcf5f591fed9de158cfc63f5e1fc2e67d64b3bb6ebb0dce9
experiments/research_ball_r1_manual_floor/raw/roll-manual-light-r01.jsonl,data/03_curated_manual_floor/roll-manual-light-r01.jsonl,03_curated_manual_floor,curated_exploratory,已有仓库内说明和派生分析；仍不是产品分类器验证集。,rolling,PASS,1024,20.460096,49.999765,0,1.0,7.74,19.76,,0,0,0,f383571202836e6f,eab45817668ee95c,0.1.17,50,0,c85593691850eee622f6e5b8ee02c17e4617598d11350d75d6eefccfd618674e
experiments/research_ball_r1_manual_floor/raw/roll-manual-medium-r01.jsonl,data/03_curated_manual_floor/roll-manual-medium-r01.jsonl,03_curated_manual_floor,curated_exploratory,已有仓库内说明和派生分析；仍不是产品分类器验证集。,rolling,PASS,1024,20.460288,49.999296,0,1.0,7.34,20.460288,,1,0,0,f383571202836e6f,eab45817668ee95c,0.1.17,50,0,f10bb725c8416493b36849992d5eb4679b74fa4b6e9e55704ebf50ffe4d77d6a
experiments/research_ball_r1_manual_floor/raw/stationary-post-r01.jsonl,data/03_curated_manual_floor/stationary-post-r01.jsonl,03_curated_manual_floor,curated_exploratory,已有仓库内说明和派生分析；仍不是产品分类器验证集。,stationary,PASS,1024,20.460032,49.999922,0,1.0,,,,0,0,0,f383571202836e6f,eab45817668ee95c,0.1.17,50,0,773c561727add22cb755ad793f7423ec254dc37d7edcf760ec7707b5d1c60654
experiments/research_ball_r1_manual_floor/raw/stationary-pre-r01.jsonl,data/03_curated_manual_floor/stationary-pre-r01.jsonl,03_curated_manual_floor,curated_exploratory,已有仓库内说明和派生分析；仍不是产品分类器验证集。,stationary,PASS,1024,20.460064,49.999844,0,1.0,,,,0,0,0,f383571202836e6f,eab45817668ee95c,0.1.17,50,0,58bbc7ec7deb99088a44bf41c862c9b00728f58ef4b1fc863aa8934619d84f86
runs/field-20260904-123003-1-pickup_carry-r01.jsonl,data/06_field_pickup/field-20260904-123003-1-pickup_carry-r01.jsonl,06_field_pickup,legacy_exploratory,早期固件/动作探索；标签、窗口和同步规则随固件版本变化。,pickup_carry,PASS,650,12.98,50.0,0,1.0,4.639968,11.44,2.98,2,0,0,f383571202836e6f,b7d6474ba25dbade,0.1.17,50,0,819ddc1b77ee1be104b30568b7354efeb9829993c8bc58fdee7875d0dab7d7ea
runs/field-20260904-123003-1-pickup_carry-r02.jsonl,data/06_field_pickup/field-20260904-123003-1-pickup_carry-r02.jsonl,06_field_pickup,legacy_exploratory,早期固件/动作探索；标签、窗口和同步规则随固件版本变化。,pickup_carry,PASS,650,12.98,50.0,0,1.0,0.0,7.68,2.980032,7,0,0,f383571202836e6f,b7d6474ba25dbade,0.1.17,50,0,62075e2769762ca9395073c295643ed7d471667f39bcb207ab053fb4a945edcc
runs/field-20260904-125536-pickup_carry-r01.failed-20260904-125643-138524.jsonl,data/90_diagnostic_or_invalid/field-20260904-125536-pickup_carry-r01.failed-20260904-125643-138524.jsonl,90_diagnostic_or_invalid,invalid_label,完整静止窗口被标成 pickup_carry；仅用于失败恢复/负例研究。,pickup_carry,PASS,651,13.0,50.0,0,1.0,,,3.0,0,0,0,f383571202836e6f,b7d6474ba25dbade,0.1.17,50,0,bbd3f806eced1fb17df9e3a9a1acc182da62f707381a83d9d2dc6261b03259ec
runs/field-20260904-130555-pickup_carry-r01.jsonl,data/06_field_pickup/field-20260904-130555-pickup_carry-r01.jsonl,06_field_pickup,usable_exploratory,动作接近窗口末端；静止尾段不足，适合拿起起点研究。,pickup_carry,PASS,651,12.999968,50.000123,0,1.0,4.899968,12.94,3.0,3,0,0,f383571202836e6f,b7d6474ba25dbade,0.1.17,50,0,191d948b968d5168fbb591dfceb4a434c7cbc91df35a2ba90fe6af2e9fb81cf6
runs/field-20260904-130555-pickup_carry-r02.jsonl,data/06_field_pickup/field-20260904-130555-pickup_carry-r02.jsonl,06_field_pickup,usable_exploratory,最新人工拿起/携带/放下样本。,pickup_carry,PASS,651,13.0,50.0,0,1.0,4.840032,11.860032,3.0,3,0,0,f383571202836e6f,b7d6474ba25dbade,0.1.17,50,0,8704d7b15c6f08ca21b66d32ecba184b0d7ff4f1ed4f51748632d69679b4b1a2
runs/field-20260904-130555-pickup_carry-r03.jsonl,data/06_field_pickup/field-20260904-130555-pickup_carry-r03.jsonl,06_field_pickup,usable_exploratory,动作接近窗口末端；静止尾段不足，适合拿起起点研究。,pickup_carry,PASS,651,13.0,50.0,0,1.0,5.339968,13.0,3.0,36,0,0,f383571202836e6f,b7d6474ba25dbade,0.1.17,50,0,116f3fba9328d56993608d3d2c89fc7a3b1a865a65519b6570fb2c2f28e352be
runs/field-20260904-130555-pickup_carry-r04.jsonl,data/06_field_pickup/field-20260904-130555-pickup_carry-r04.jsonl,06_field_pickup,usable_exploratory,最新人工拿起/携带/放下样本。,pickup_carry,PASS,651,13.0,50.0,0,1.0,5.079968,12.839968,3.0,9,0,0,f383571202836e6f,b7d6474ba25dbade,0.1.17,50,0,c6047a20304edcdbd1b0d52726a9a40204e670fd087265ce216789957e3797e2
runs/field-20260904-130555-pickup_carry-r05.jsonl,data/06_field_pickup/field-20260904-130555-pickup_carry-r05.jsonl,06_field_pickup,usable_exploratory,动作接近窗口末端；静止尾段不足，适合拿起起点研究。,pickup_carry,PASS,651,12.999968,50.000123,0,1.0,4.679968,12.999968,3.0,3,0,0,f383571202836e6f,b7d6474ba25dbade,0.1.17,50,0,49a9b13db1571f5a61eeb37ad7e6cc12cac5856d083460a36ce0f24c68b032c3
runs/field-20260904-130555-pickup_carry-r06.jsonl,data/06_field_pickup/field-20260904-130555-pickup_carry-r06.jsonl,06_field_pickup,usable_exploratory,最新人工拿起/携带/放下样本。,pickup_carry,PASS,650,12.98,50.0,0,1.0,4.38,11.74,2.980352,1,0,0,f383571202836e6f,b7d6474ba25dbade,0.1.17,50,0,af3d1c7805c8a28f9432ddef59e825a218430b0cc7fc849663865e15df870d85
runs/field-20260904-130555-pickup_carry-r07.jsonl,data/06_field_pickup/field-20260904-130555-pickup_carry-r07.jsonl,06_field_pickup,usable_with_timing_warning,GO 前已有运动污染；拿起段仍可探索，不能当干净基线。,pickup_carry,PASS,650,12.98,50.0,0,1.0,2.120032,9.2,2.980064,6,0,0,f383571202836e6f,b7d6474ba25dbade,0.1.17,50,0,8b10f287b12f99198a2b4ccd101582baeff07ca70d4fce7a94f7f7f07960ebe8
runs/field-20260904-130555-pickup_carry-r08.jsonl,data/06_field_pickup/field-20260904-130555-pickup_carry-r08.jsonl,06_field_pickup,usable_exploratory,动作接近窗口末端；静止尾段不足，适合拿起起点研究。,pickup_carry,PASS,650,12.98,50.0,0,1.0,4.519968,12.98,3.0,11,0,0,f383571202836e6f,b7d6474ba25dbade,0.1.17,50,0,e8f49b3391f655d3d5aa698b076fe088b4828121ae4c0e65924aa049c51169eb
runs/field-20260904-130555-pickup_carry-r09.jsonl,data/06_field_pickup/field-20260904-130555-pickup_carry-r09.jsonl,06_field_pickup,usable_with_timing_warning,动作开始约在 GO+6.7 s，明显晚于说明。,pickup_carry,PASS,650,12.98,50.0,0,1.0,9.76,12.18,3.0,2,0,0,f383571202836e6f,b7d6474ba25dbade,0.1.17,50,0,62ebde9c682056d54a8365ee5d6d2b59cf9763467de9fbaa3856b18d448b7fb0
runs/field-20260904-130555-pickup_carry-r10.jsonl,data/06_field_pickup/field-20260904-130555-pickup_carry-r10.jsonl,06_field_pickup,usable_exploratory,最新人工拿起/携带/放下样本。,pickup_carry,PASS,651,12.999968,50.000123,0,1.0,4.52,10.479968,3.0,3,0,0,f383571202836e6f,b7d6474ba25dbade,0.1.17,50,0,da7f3d6f423d8fc1a308c601b7f603a3231aa4cb5c0b4931aa0e380be8edd7c6
runs/field-20260904-132804-1-putt_normal-r01.jsonl,data/07_field_putt/field-20260904-132804-1-putt_normal-r01.jsonl,07_field_putt,mixed_suspected_collision,疑似推杆后碰到障碍物；可作 pickup 负例，不可当纯净推杆真值。,putt_normal,PASS,750,14.98,50.0,0,1.0,5.519968,8.179968,2.98,51,0,50,f383571202836e6f,b7d6474ba25dbade,0.1.17,50,0,eb1ec146a2017ae54c8434e29371f57c6acc619c5a413d63c6f3a21dc9e18935
runs/field-20260904-132804-1-putt_normal-r02.jsonl,data/07_field_putt/field-20260904-132804-1-putt_normal-r02.jsonl,07_field_putt,mixed_suspected_collision,疑似推杆后碰到障碍物；可作 pickup 负例，不可当纯净推杆真值。,putt_normal,PASS,750,14.979968,50.000107,0,1.0,5.32,9.399968,2.98,30,0,64,f383571202836e6f,b7d6474ba25dbade,0.1.17,50,0,d7d4983485d424ca243cbc6329fc5c2fc0c85d3282ca9ab6ac63fce8d823e8bf
runs/field-20260904-132804-1-putt_normal-r03.jsonl,data/07_field_putt/field-20260904-132804-1-putt_normal-r03.jsonl,07_field_putt,mixed_suspected_collision,疑似推杆后碰到障碍物；可作 pickup 负例，不可当纯净推杆真值。,putt_normal,PASS,751,14.999968,50.000107,0,1.0,5.28,7.74,3.0,46,0,45,f383571202836e6f,b7d6474ba25dbade,0.1.17,50,0,4cc111d95cf4e10d3ccf57b5cac5ad7b9c7d98d393c72bb1f89f6e9dbeb9e2fc
runs/field-20260904-132804-1-putt_normal-r04.jsonl,data/07_field_putt/field-20260904-132804-1-putt_normal-r04.jsonl,07_field_putt,mixed_suspected_collision,疑似推杆后碰到障碍物；可作 pickup 负例，不可当纯净推杆真值。,putt_normal,PASS,750,14.979968,50.000107,0,1.0,4.94,9.379968,2.98,53,0,52,f383571202836e6f,b7d6474ba25dbade,0.1.17,50,0,b1437ae9e1e24d809b393f3d19e6b92be8bf89c6de3689336a04cb3839c0acaa
runs/field-20260904-132804-1-putt_normal-r05.jsonl,data/07_field_putt/field-20260904-132804-1-putt_normal-r05.jsonl,07_field_putt,invalid_no_motion,全程静止，没有采到推杆。,putt_normal,PASS,751,15.0,50.0,0,1.0,,,3.0,0,0,0,f383571202836e6f,b7d6474ba25dbade,0.1.17,50,0,3a9f50512cb2a8f5d20cf9786f8ab97f70349d09fbb399c2c04406383679c904
runs/field-20260904-132804-1-putt_normal-r06.jsonl,data/07_field_putt/field-20260904-132804-1-putt_normal-r06.jsonl,07_field_putt,invalid_timing_or_action,GO 前已有动作，GO 后形态也不像正常推杆。,putt_normal,PASS,750,14.98,50.0,0,1.0,0.539968,6.92,2.980032,1,0,0,f383571202836e6f,b7d6474ba25dbade,0.1.17,50,0,0e1c82f37a8eb87a3b329e6f37d21c3022d057bb0777b6d07ec2f9ece1c13176
runs/field-20260904-132804-1-putt_normal-r07.jsonl,data/07_field_putt/field-20260904-132804-1-putt_normal-r07.jsonl,07_field_putt,usable_clean_candidate,当前最干净的正常推杆候选之一；仍缺视频真值。,putt_normal,PASS,750,14.98,50.0,0,1.0,7.719968,11.179968,2.999968,7,0,20,f383571202836e6f,b7d6474ba25dbade,0.1.17,50,0,e4415534d42f8f2275187b275351744395db6e0d622c47f02a68ec9a630ae689
runs/field-20260904-132804-1-putt_normal-r08.jsonl,data/07_field_putt/field-20260904-132804-1-putt_normal-r08.jsonl,07_field_putt,usable_with_timing_warning,GO 前有干扰；GO 后滚动段可单独研究。,putt_normal,PASS,751,14.999968,50.000107,0,1.0,0.0,9.739968,3.0,30,0,19,f383571202836e6f,b7d6474ba25dbade,0.1.17,50,0,cea47686fb1b7a12212f9dbfc7ec8c98ecb01c10ec1d107e186a5584911f5711
runs/field-20260904-132804-1-putt_normal-r09.jsonl,data/07_field_putt/field-20260904-132804-1-putt_normal-r09.jsonl,07_field_putt,usable_clean_candidate,当前最干净的正常推杆候选之一；仍缺视频真值。,putt_normal,PASS,750,14.98,50.0,0,1.0,5.72,10.039968,2.98,24,0,55,f383571202836e6f,b7d6474ba25dbade,0.1.17,50,0,bb06691a9cda9596a1d540c5ff4543832746d02cc2e7d6ff2c4fc867ddac8e1d
runs/field-20260904-132804-1-putt_normal-r10.jsonl,data/07_field_putt/field-20260904-132804-1-putt_normal-r10.jsonl,07_field_putt,usable_clean_candidate,当前最干净的正常推杆候选之一；仍缺视频真值。,putt_normal,PASS,750,14.979968,50.000107,0,1.0,5.36,9.2,2.999968,10,0,20,f383571202836e6f,b7d6474ba25dbade,0.1.17,50,0,5ab881e8d0e93647ed7b19661fa641527df6827c8e296b8a164fab4cb84487e5
runs/field-go-handshake-smoke-20260904-pickup_drop-r01.failed-20260904-130422-639661.jsonl,data/90_diagnostic_or_invalid/field-go-handshake-smoke-20260904-pickup_drop-r01.failed-20260904-130422-639661.jsonl,90_diagnostic_or_invalid,invalid_label,GO 握手冒烟测试，全程静止；不能作为 pickup_drop 真值。,pickup_drop,PASS,650,12.98,50.0,0,1.0,,,2.980256,0,0,0,f383571202836e6f,b7d6474ba25dbade,0.1.17,50,0,3769eef2a767042ce365e8b6fb813ecd9c230e21dcebe732c20896d90eb869c0
runs/handling-v0.1.7-001.jsonl,data/01_early_firmware_and_motion_tests/handling-v0.1.7-001.jsonl,01_early_firmware_and_motion_tests,legacy_exploratory,早期固件/动作探索；标签、窗口和同步规则随固件版本变化。,handling,legacy_no_result_record,1024,20.460032,49.999922,0,1.0,0.0,7.96,,0,0,0,f383571202836e6f,294a1c9179a35e1d,0.1.7,50,0,d94181867dc41f348347996bd6670b73dcb9063cc88e5e809f25340cf47122a1
runs/handling-v0.1.7-002.jsonl,data/01_early_firmware_and_motion_tests/handling-v0.1.7-002.jsonl,01_early_firmware_and_motion_tests,legacy_exploratory,早期固件/动作探索；标签、窗口和同步规则随固件版本变化。,handling,legacy_no_result_record,1024,20.46,50.0,0,1.0,1.14,8.98,,4,0,0,f383571202836e6f,294a1c9179a35e1d,0.1.7,50,0,2bbfc24ff9612e803e6ac66f5fa31a8aef545f754c3cd529e820bdbea301c268
runs/pickup-carry-001.jsonl,data/01_early_firmware_and_motion_tests/pickup-carry-001.jsonl,01_early_firmware_and_motion_tests,legacy_exploratory,早期固件/动作探索；标签、窗口和同步规则随固件版本变化。,pickup_carry,legacy_no_result_record,599,11.960032,49.999866,0,1.0,,,,0,0,0,f383571202836e6f,9dc0a61c80a7b522,0.1.6,50,0,9e6c717eaccde7ded571ea6c134e51129a5969d69e4bfcd6f0ac63572e44641c
runs/pickup-carry-002.jsonl,data/01_early_firmware_and_motion_tests/pickup-carry-002.jsonl,01_early_firmware_and_motion_tests,legacy_exploratory,早期固件/动作探索；标签、窗口和同步规则随固件版本变化。,pickup_carry,legacy_no_result_record,1478,29.54,50.0,0,1.0,,,,0,0,0,f383571202836e6f,9dc0a61c80a7b522,0.1.6,50,0,fd1934c85dcaee9838fbc9e2121df66d8fd02e2dedf3a9733d20315655318c19
runs/pickup-carry-003.jsonl,data/01_early_firmware_and_motion_tests/pickup-carry-003.jsonl,01_early_firmware_and_motion_tests,legacy_exploratory,早期固件/动作探索；标签、窗口和同步规则随固件版本变化。,pickup_carry,legacy_no_result_record,502,10.020032,49.99984,0,1.0,0.0,10.020032,,10,0,0,f383571202836e6f,9dc0a61c80a7b522,0.1.6,50,0,0d136e74e24d4319aa8af113cdc6221619aa010e0f7051d9280a286b3a59b177
runs/pickup-carry-natural-001.jsonl,data/01_early_firmware_and_motion_tests/pickup-carry-natural-001.jsonl,01_early_firmware_and_motion_tests,legacy_exploratory,早期固件/动作探索；标签、窗口和同步规则随固件版本变化。,pickup_carry,legacy_no_result_record,64,1.260032,49.99873,0,1.0,,,,0,0,0,f383571202836e6f,9dc0a61c80a7b522,0.1.6,50,0,8a8197a4d22b47adf8957350efeeade883227056b63e6415fe1d026c826d34b5
runs/pickup-carry-natural-002.jsonl,data/01_early_firmware_and_motion_tests/pickup-carry-natural-002.jsonl,01_early_firmware_and_motion_tests,legacy_exploratory,早期固件/动作探索；标签、窗口和同步规则随固件版本变化。,pickup_carry,legacy_no_result_record,14610,293.94,49.700619,88,1.0,,,,0,0,0,f383571202836e6f,9dc0a61c80a7b522,0.1.6,50,0,bc24af1d5890ff3c55abd3d3dc09795076bbeed564320dfbc788e03278e9d194
runs/pickup-carry-natural-v0.1.7-001.jsonl,data/01_early_firmware_and_motion_tests/pickup-carry-natural-v0.1.7-001.jsonl,01_early_firmware_and_motion_tests,legacy_exploratory,早期固件/动作探索；标签、窗口和同步规则随固件版本变化。,pickup_carry,legacy_no_result_record,1024,20.46,50.0,0,1.0,4.08,7.8,,5,0,0,f383571202836e6f,294a1c9179a35e1d,0.1.7,50,0,00108a758197c933224e70240d4416e505dd2462171cbe65de5f4b6821a722d1
runs/pickup-carry-natural-v0.1.7-002.jsonl,data/01_early_firmware_and_motion_tests/pickup-carry-natural-v0.1.7-002.jsonl,01_early_firmware_and_motion_tests,legacy_exploratory,早期固件/动作探索；标签、窗口和同步规则随固件版本变化。,pickup_carry,legacy_no_result_record,1024,20.460032,49.999922,0,1.0,0.76,7.38,,0,0,0,f383571202836e6f,294a1c9179a35e1d,0.1.7,50,0,7b219baf12274f8ec71fedb8eed6e1dbcd401cd24e88d38e53cbec408fac9646
runs/roller-matrix-o1-n030-r01.jsonl,data/05_roller_official/roller-matrix-o1-n030-r01.jsonl,05_roller_official,usable_fixture,可用于受约束滚动、速度响应和传输研究；不是真实自由滚动语义真值。,roller_-30rpm,PASS,451,9.0,50.0,0,1.0,3.94,7.780032,3.0,0,0,0,f383571202836e6f,b7d6474ba25dbade,0.1.17,50,0,1c7b2820065abd308404abd51eaeabead25a3a2c63f6f4b945cb81ccb56027d6
runs/roller-matrix-o1-n030-r02.jsonl,data/05_roller_official/roller-matrix-o1-n030-r02.jsonl,05_roller_official,usable_fixture,可用于受约束滚动、速度响应和传输研究；不是真实自由滚动语义真值。,roller_-30rpm,PASS,450,8.98,50.0,0,1.0,3.860064,7.559968,2.980352,0,0,0,f383571202836e6f,b7d6474ba25dbade,0.1.17,50,0,e26361a38a869573e0ba1cc55db1aee9a9f94c40896546bd4c67c668ac59a6f5
runs/roller-matrix-o1-n030-r03.jsonl,data/05_roller_official/roller-matrix-o1-n030-r03.jsonl,05_roller_official,usable_fixture,可用于受约束滚动、速度响应和传输研究；不是真实自由滚动语义真值。,roller_-30rpm,PASS,450,8.98,50.0,0,1.0,3.82,6.920032,2.980032,0,0,0,f383571202836e6f,b7d6474ba25dbade,0.1.17,50,0,d56d0f48c40ad47e7ef917ca76dd06c9bc778b660edfdb12a573288bf7ca33b7
runs/roller-matrix-o1-n060-r01.jsonl,data/05_roller_official/roller-matrix-o1-n060-r01.jsonl,05_roller_official,usable_fixture,可用于受约束滚动、速度响应和传输研究；不是真实自由滚动语义真值。,roller_-60rpm,PASS,450,8.98,50.0,0,1.0,3.86,8.02,2.980032,1,0,0,f383571202836e6f,b7d6474ba25dbade,0.1.17,50,0,828a417caab6c4c2a3408fadedb5166a37a72577ec6501dbc48511818223583c
runs/roller-matrix-o1-n060-r02.jsonl,data/05_roller_official/roller-matrix-o1-n060-r02.jsonl,05_roller_official,usable_fixture,可用于受约束滚动、速度响应和传输研究；不是真实自由滚动语义真值。,roller_-60rpm,PASS,450,8.980032,49.999822,0,1.0,3.900032,7.92,3.0,0,0,0,f383571202836e6f,b7d6474ba25dbade,0.1.17,50,0,aaa55be4e0863dfd3b759bfd09c266273062537aabf86fccc5cc64a6c9fb5a79
runs/roller-matrix-o1-n060-r03.jsonl,data/05_roller_official/roller-matrix-o1-n060-r03.jsonl,05_roller_official,usable_fixture,可用于受约束滚动、速度响应和传输研究；不是真实自由滚动语义真值。,roller_-60rpm,PASS,450,8.98,50.0,0,1.0,3.840032,7.14,2.980064,0,0,0,f383571202836e6f,b7d6474ba25dbade,0.1.17,50,0,a8b81d9ef525b790114c5da2ff22d29e68da9600064fec2268fd463a809a0f04
runs/roller-matrix-o1-n090-r01.jsonl,data/05_roller_official/roller-matrix-o1-n090-r01.jsonl,05_roller_official,usable_fixture,可用于受约束滚动、速度响应和传输研究；不是真实自由滚动语义真值。,roller_-90rpm,PASS,450,8.98,50.0,0,1.0,3.78,7.420032,2.98,2,0,0,f383571202836e6f,b7d6474ba25dbade,0.1.17,50,0,d7dcf7161335c0442d524c5fa73529b3454b3678b7314780ddd4eac6cec1284a
runs/roller-matrix-o1-n090-r02.jsonl,data/05_roller_official/roller-matrix-o1-n090-r02.jsonl,05_roller_official,usable_fixture,可用于受约束滚动、速度响应和传输研究；不是真实自由滚动语义真值。,roller_-90rpm,PASS,450,8.98,50.0,0,1.0,3.8,7.140032,2.980128,0,0,0,f383571202836e6f,b7d6474ba25dbade,0.1.17,50,0,54cecae3f799519cbe59b82381f0d56d99972fdb5069d3eb9229a23462955417
runs/roller-matrix-o1-n090-r03.jsonl,data/05_roller_official/roller-matrix-o1-n090-r03.jsonl,05_roller_official,usable_fixture,可用于受约束滚动、速度响应和传输研究；不是真实自由滚动语义真值。,roller_-90rpm,PASS,450,8.979968,50.000178,0,1.0,3.899968,7.359968,2.98,1,0,0,f383571202836e6f,b7d6474ba25dbade,0.1.17,50,0,2272a933399baeb2d68f2430076e26e463c598617c0cad4c66797a8bf69e31bd
runs/roller-matrix-o1-n120-r01.jsonl,data/05_roller_official/roller-matrix-o1-n120-r01.jsonl,05_roller_official,usable_fixture,可用于受约束滚动、速度响应和传输研究；不是真实自由滚动语义真值。,roller_-120rpm,PASS,451,9.0,50.0,0,1.0,3.980032,7.94,3.0,1,0,0,f383571202836e6f,b7d6474ba25dbade,0.1.17,50,0,63f2b7bd431e3e79169bdcd086d3b103442a06bdaf1e3b1ecb0cc18e166bd777
runs/roller-matrix-o1-n120-r02.jsonl,data/05_roller_official/roller-matrix-o1-n120-r02.jsonl,05_roller_official,usable_fixture,可用于受约束滚动、速度响应和传输研究；不是真实自由滚动语义真值。,roller_-120rpm,PASS,450,8.979968,50.000178,0,1.0,3.859936,7.559968,2.98,5,0,0,f383571202836e6f,b7d6474ba25dbade,0.1.17,50,0,2f1d3329bea4877c454251bb163f098f5296d57f7180fccb9452c21f965e51f2
runs/roller-matrix-o1-n120-r03.jsonl,data/05_roller_official/roller-matrix-o1-n120-r03.jsonl,05_roller_official,usable_fixture,可用于受约束滚动、速度响应和传输研究；不是真实自由滚动语义真值。,roller_-120rpm,PASS,451,9.0,50.0,0,1.0,3.859968,7.239968,3.0,4,0,0,f383571202836e6f,b7d6474ba25dbade,0.1.17,50,0,196de3e2dcd320337d626080b2b0dadc13fb1fd4ce1b0f8bb5e1bc216888aad6
runs/roller-matrix-o1-p030-r01.jsonl,data/05_roller_official/roller-matrix-o1-p030-r01.jsonl,05_roller_official,usable_fixture,可用于受约束滚动、速度响应和传输研究；不是真实自由滚动语义真值。,roller_30rpm,PASS,451,9.0,50.0,0,1.0,3.9,6.96,3.0,0,0,0,f383571202836e6f,b7d6474ba25dbade,0.1.17,50,0,78ee892c37a450714eb2b3d77beabf7d8bcf419546fb85ed97d1f95efc0ffffd
runs/roller-matrix-o1-p030-r02.jsonl,data/05_roller_official/roller-matrix-o1-p030-r02.jsonl,05_roller_official,usable_fixture,可用于受约束滚动、速度响应和传输研究；不是真实自由滚动语义真值。,roller_30rpm,PASS,451,8.999968,50.000178,0,1.0,3.959968,7.059968,2.999968,0,0,0,f383571202836e6f,b7d6474ba25dbade,0.1.17,50,0,616ed4266c7c03cf2db4a6327ffec5cccf55ebf7705e6ee7b952e8269b429e4a
runs/roller-matrix-o1-p030-r03.jsonl,data/05_roller_official/roller-matrix-o1-p030-r03.jsonl,05_roller_official,usable_fixture,可用于受约束滚动、速度响应和传输研究；不是真实自由滚动语义真值。,roller_30rpm,PASS,451,8.999968,50.000178,0,1.0,3.98,7.159968,3.0,0,0,0,f383571202836e6f,b7d6474ba25dbade,0.1.17,50,0,2aab6fab37abee25cdfb26404771edce8992448b61b69f8ce81c3e2497522daa
runs/roller-matrix-o1-p060-r01.jsonl,data/05_roller_official/roller-matrix-o1-p060-r01.jsonl,05_roller_official,usable_fixture,可用于受约束滚动、速度响应和传输研究；不是真实自由滚动语义真值。,roller_60rpm,PASS,450,8.979968,50.000178,0,1.0,3.839968,7.199968,2.98,1,0,0,f383571202836e6f,b7d6474ba25dbade,0.1.17,50,0,e99ab7a8aae9da42fd88a8621cf42309d5c6f483fc69ade274d63df4cbd86c57
runs/roller-matrix-o1-p060-r02.jsonl,data/05_roller_official/roller-matrix-o1-p060-r02.jsonl,05_roller_official,usable_fixture,可用于受约束滚动、速度响应和传输研究；不是真实自由滚动语义真值。,roller_60rpm,PASS,451,8.999968,50.000178,0,1.0,3.939968,7.559968,3.0,0,0,0,f383571202836e6f,b7d6474ba25dbade,0.1.17,50,0,69a0b66845f6c32006d6ca5d5c662da40ce12de1b9f9c5ab6592c82dabc465dc
runs/roller-matrix-o1-p060-r03.jsonl,data/05_roller_official/roller-matrix-o1-p060-r03.jsonl,05_roller_official,usable_fixture,可用于受约束滚动、速度响应和传输研究；不是真实自由滚动语义真值。,roller_60rpm,PASS,451,9.0,50.0,0,1.0,3.8,6.02,3.0,3,0,0,f383571202836e6f,b7d6474ba25dbade,0.1.17,50,0,2065e120e8b86ebb9582250a671dda9a47c9bdcf9f86988f9c69fb1b58a40b70
runs/roller-matrix-o1-p090-r01.jsonl,data/05_roller_official/roller-matrix-o1-p090-r01.jsonl,05_roller_official,usable_fixture,可用于受约束滚动、速度响应和传输研究；不是真实自由滚动语义真值。,roller_90rpm,PASS,450,8.979968,50.000178,0,1.0,3.939968,7.379968,2.98,2,0,0,f383571202836e6f,b7d6474ba25dbade,0.1.17,50,0,31e8b4261b881fb4e6083c5a66615cb7e9033da014064d12d9e8f778c8dced66
runs/roller-matrix-o1-p090-r02.jsonl,data/05_roller_official/roller-matrix-o1-p090-r02.jsonl,05_roller_official,usable_fixture,可用于受约束滚动、速度响应和传输研究；不是真实自由滚动语义真值。,roller_90rpm,PASS,450,8.98,50.0,0,1.0,3.800032,7.28,2.980288,1,0,0,f383571202836e6f,b7d6474ba25dbade,0.1.17,50,0,d282ed0189e9740f70a9cab3b465185a69c000173639736153b3c486ad10b317
runs/roller-matrix-o1-p090-r03.jsonl,data/05_roller_official/roller-matrix-o1-p090-r03.jsonl,05_roller_official,usable_fixture,可用于受约束滚动、速度响应和传输研究；不是真实自由滚动语义真值。,roller_90rpm,PASS,451,8.999968,50.000178,0,1.0,3.82,7.6,3.0,0,0,0,f383571202836e6f,b7d6474ba25dbade,0.1.17,50,0,a9001c1952d7c43b5bd27f84394be9f4cd75e6c3d4a95be8ff00e77860b1a143
runs/roller-matrix-o1-p120-r01.jsonl,data/05_roller_official/roller-matrix-o1-p120-r01.jsonl,05_roller_official,usable_fixture,可用于受约束滚动、速度响应和传输研究；不是真实自由滚动语义真值。,roller_120rpm,PASS,450,8.979968,50.000178,0,1.0,3.86,7.279968,2.98,3,0,0,f383571202836e6f,b7d6474ba25dbade,0.1.17,50,0,bd1153d87b68d3740d11df2253c3f049d0824a66ce6eff6d2faafaeed5371607
runs/roller-matrix-o1-p120-r02.jsonl,data/05_roller_official/roller-matrix-o1-p120-r02.jsonl,05_roller_official,usable_fixture,可用于受约束滚动、速度响应和传输研究；不是真实自由滚动语义真值。,roller_120rpm,PASS,451,8.999968,50.000178,0,1.0,3.879968,7.259968,3.0,1,0,0,f383571202836e6f,b7d6474ba25dbade,0.1.17,50,0,bcac18199e15b83b7606a693763ea1975f991d56b928f5908a5b8b2d4da8f832
runs/roller-matrix-o1-p120-r03.jsonl,data/05_roller_official/roller-matrix-o1-p120-r03.jsonl,05_roller_official,usable_fixture,可用于受约束滚动、速度响应和传输研究；不是真实自由滚动语义真值。,roller_120rpm,PASS,451,9.0,50.0,0,1.0,3.880032,7.76,3.0,1,0,0,f383571202836e6f,b7d6474ba25dbade,0.1.17,50,0,b8576a9a3c6f88ea02269c6bed74fa7a0bd0f32e543cfc0b8d68b5c6ac6705f9
runs/roller-r0-stationary-o1-r01.jsonl,data/04_roller_preliminary/roller-r0-stationary-o1-r01.jsonl,04_roller_preliminary,preliminary_fixture,早期滚轮调试数据；设备约束、命令和同步成熟度不一致。,stationary,PASS,551,11.0,50.0,0,1.0,,,3.0,0,0,0,f383571202836e6f,b7d6474ba25dbade,0.1.17,50,0,8ac165975711cd6beb502c15cb2f66d322d346556ce6ab66c7a2480f9069eab4
runs/roller-r1-120rpm-3s-live-r01.jsonl,data/04_roller_preliminary/roller-r1-120rpm-3s-live-r01.jsonl,04_roller_preliminary,preliminary_fixture,早期滚轮调试数据；设备约束、命令和同步成熟度不一致。,roller_120rpm_live,PASS,64,1.26,50.0,0,1.0,,,,0,0,0,f383571202836e6f,b7d6474ba25dbade,0.1.17,50,0,2079493230bb1891ba0a6971624c117282555ff7553a4f680bfb4bd93136b40a
runs/roller-r1-120rpm-3s-live-r02.jsonl,data/90_diagnostic_or_invalid/roller-r1-120rpm-3s-live-r02.jsonl,90_diagnostic_or_invalid,transport_failure,实时滚轮捕获状态 FAIL；仅用于传输故障诊断。,roller_120rpm_live,FAIL,3948,79.86,49.423992,46,1.0,70.939968,74.179968,,3,0,0,f383571202836e6f,b7d6474ba25dbade,0.1.17,50,0,a56481b1a258229586bd14d76ea7fa29ddafa3d5694c39e0d7e25b67887d3c1c
runs/roller-r1-120rpm-3s-r01.jsonl,data/04_roller_preliminary/roller-r1-120rpm-3s-r01.jsonl,04_roller_preliminary,preliminary_fixture,早期滚轮调试数据；设备约束、命令和同步成熟度不一致。,roller_120rpm,PASS,601,12.0,50.0,0,1.0,,,3.0,0,0,0,f383571202836e6f,b7d6474ba25dbade,0.1.17,50,0,147493213292e0c2e63c72c596d566b39f2c4db7924de37b6cbbdbf3cca4fb62
runs/roller-r1-120rpm-3s-sync-r01.jsonl,data/04_roller_preliminary/roller-r1-120rpm-3s-sync-r01.jsonl,04_roller_preliminary,preliminary_fixture,早期滚轮调试数据；设备约束、命令和同步成熟度不一致。,roller_120rpm,PASS,450,8.979968,50.000178,0,1.0,3.839968,7.239936,2.999968,4,0,0,f383571202836e6f,b7d6474ba25dbade,0.1.17,50,0,f5d78799be0b27ec7f26a69443768af4c9adfaf502990597b3fd5bd4018d5ed4
runs/roller-r1-120rpm-3s-sync-r02.jsonl,data/04_roller_preliminary/roller-r1-120rpm-3s-sync-r02.jsonl,04_roller_preliminary,preliminary_fixture,早期滚轮调试数据；设备约束、命令和同步成熟度不一致。,roller_120rpm,PASS,450,8.98,50.0,0,1.0,3.900032,7.22,2.980032,1,0,0,f383571202836e6f,b7d6474ba25dbade,0.1.17,50,0,4a073d8bb8846dbaf6bd55264fbb09744a8f7016a5b6e3a3ef67e0b662a85550
runs/roller-r1-30rpm-10s-r01.jsonl,data/04_roller_preliminary/roller-r1-30rpm-10s-r01.jsonl,04_roller_preliminary,preliminary_fixture,早期滚轮调试数据；设备约束、命令和同步成熟度不一致。,roller_30rpm,PASS,850,16.98,50.0,0,1.0,,,2.98,0,0,0,f383571202836e6f,b7d6474ba25dbade,0.1.17,50,0,8b53b2b7e887d94071471dd1215c1a4493fdd89b0716bbfe9e4210c0688e155f
runs/roller-r1-30rpm-5s-r02.jsonl,data/04_roller_preliminary/roller-r1-30rpm-5s-r02.jsonl,04_roller_preliminary,preliminary_fixture,早期滚轮调试数据；设备约束、命令和同步成熟度不一致。,roller_30rpm_diagnostic,PASS,651,12.999968,50.000123,0,1.0,,,2.999968,0,0,0,f383571202836e6f,b7d6474ba25dbade,0.1.17,50,0,a59b4edabcd4eb9da7d8bfc91ac2f7346eac1041084e39f3bdb11da9c5c5c5a3
runs/roller-r1-60rpm-5s-r01.jsonl,data/04_roller_preliminary/roller-r1-60rpm-5s-r01.jsonl,04_roller_preliminary,preliminary_fixture,早期滚轮调试数据；设备约束、命令和同步成熟度不一致。,roller_60rpm_diagnostic,PASS,651,12.999968,50.000123,0,1.0,,,3.0,0,0,0,f383571202836e6f,b7d6474ba25dbade,0.1.17,50,0,70659dd96b946fd07ec164dec6afbce71e1d656f0d0f234c69a29f2a8b9fd81c
runs/roller-r1-60rpm-5s-r02.jsonl,data/04_roller_preliminary/roller-r1-60rpm-5s-r02.jsonl,04_roller_preliminary,preliminary_fixture,早期滚轮调试数据；设备约束、命令和同步成熟度不一致。,roller_60rpm_retest,PASS,650,12.98,50.0,0,1.0,,,2.980128,0,0,0,f383571202836e6f,b7d6474ba25dbade,0.1.17,50,0,291a17f8fbb8e43172b2e3b738b1ccc9b4d120594d2dd2b05df7684648117421
runs/roller-r2-boundary-o1-n001-r01.jsonl,data/05_roller_official/roller-r2-boundary-o1-n001-r01.jsonl,05_roller_official,usable_fixture,可用于受约束滚动、速度响应和传输研究；不是真实自由滚动语义真值。,low_speed_boundary_-1rpm,PASS,601,12.0,50.0,0,1.0,4.0,9.979968,3.0,0,0,0,f383571202836e6f,b7d6474ba25dbade,0.1.17,50,0,4ee28e89370b2f8b11952d8362b48d51e160bc7bb65bddb045ed4bf26cd93824
runs/roller-r2-boundary-o1-n002-r01.jsonl,data/05_roller_official/roller-r2-boundary-o1-n002-r01.jsonl,05_roller_official,usable_fixture,可用于受约束滚动、速度响应和传输研究；不是真实自由滚动语义真值。,low_speed_boundary_-2rpm,PASS,600,11.98,50.0,0,1.0,3.88,9.92,2.980192,0,0,0,f383571202836e6f,b7d6474ba25dbade,0.1.17,50,0,559120d6b72d1d5f3ad5138036a34bc7e58e79d68e6db2554cbe60bc52556e95
runs/roller-r2-boundary-o1-n003-r01.jsonl,data/05_roller_official/roller-r2-boundary-o1-n003-r01.jsonl,05_roller_official,usable_fixture,可用于受约束滚动、速度响应和传输研究；不是真实自由滚动语义真值。,low_speed_boundary_-3rpm,PASS,601,11.999968,50.000133,0,1.0,3.9,9.94,2.999968,0,0,0,f383571202836e6f,b7d6474ba25dbade,0.1.17,50,0,ff1332afe7074694edef5f42d6058729d92810b2a899052a272f3e521d993a7e
runs/roller-r2-boundary-o1-n005-r01.jsonl,data/05_roller_official/roller-r2-boundary-o1-n005-r01.jsonl,05_roller_official,usable_fixture,可用于受约束滚动、速度响应和传输研究；不是真实自由滚动语义真值。,low_speed_boundary_-5rpm,PASS,500,9.98,50.0,0,1.0,3.879936,8.18,2.980032,0,0,0,f383571202836e6f,b7d6474ba25dbade,0.1.17,50,0,562b3128e30ba199076554c09ca3a84ed753ad2c0dccd131b4ee57edfc464231
runs/roller-r2-boundary-o1-n010-r01.jsonl,data/05_roller_official/roller-r2-boundary-o1-n010-r01.jsonl,05_roller_official,usable_fixture,可用于受约束滚动、速度响应和传输研究；不是真实自由滚动语义真值。,low_speed_boundary_-10rpm,PASS,500,9.979968,50.00016,0,1.0,3.879968,8.4,2.980032,0,0,0,f383571202836e6f,b7d6474ba25dbade,0.1.17,50,0,90251d5b3320bfb5db73f8e0baa3cc10a993685bfd2491fea1e5029eebc3668a
runs/roller-r2-boundary-o1-n015-r01.jsonl,data/05_roller_official/roller-r2-boundary-o1-n015-r01.jsonl,05_roller_official,usable_fixture,可用于受约束滚动、速度响应和传输研究；不是真实自由滚动语义真值。,low_speed_boundary_-15rpm,PASS,501,9.999968,50.00016,0,1.0,3.919968,7.959872,3.0,0,0,0,f383571202836e6f,b7d6474ba25dbade,0.1.17,50,0,b3d3174173cbe52276e7b42d6955b523e8e19311fb5e98ed4262ac1cf9435ad6
runs/roller-r2-boundary-o1-n020-r01.jsonl,data/05_roller_official/roller-r2-boundary-o1-n020-r01.jsonl,05_roller_official,usable_fixture,可用于受约束滚动、速度响应和传输研究；不是真实自由滚动语义真值。,low_speed_boundary_-20rpm,PASS,501,9.999968,50.00016,0,1.0,3.859968,8.52,3.0,0,0,0,f383571202836e6f,b7d6474ba25dbade,0.1.17,50,0,27a260f2e98468c55ec20ddba758994958aae254cb97fe52668f798d6d736b53
runs/roller-r2-boundary-o1-n165-r01.jsonl,data/05_roller_official/roller-r2-boundary-o1-n165-r01.jsonl,05_roller_official,usable_fixture,可用于受约束滚动、速度响应和传输研究；不是真实自由滚动语义真值。,roller_-165rpm_high_boundary,PASS,450,8.98,50.0,0,1.0,3.9,7.22,2.980032,5,0,0,f383571202836e6f,b7d6474ba25dbade,0.1.17,50,0,aba51475978145f8750af7e33dcb611dc52eeeefbd87e5630163f80797f6b220
runs/roller-r2-boundary-o1-n180-r01.jsonl,data/05_roller_official/roller-r2-boundary-o1-n180-r01.jsonl,05_roller_official,fixture_limit_test,±180 RPM 命令的故意量程边界测试，不能作无削顶幅值真值。,roller_-180rpm_high_boundary,PASS,450,8.98,50.0,0,1.0,3.920032,7.8,2.980032,12,0,9,f383571202836e6f,b7d6474ba25dbade,0.1.17,50,0,665fdcbe7bab37c8f55c92e79f57faab392fbd60bf03662c2555952d5ae7d164
runs/roller-r2-boundary-o1-p001-r01.jsonl,data/05_roller_official/roller-r2-boundary-o1-p001-r01.jsonl,05_roller_official,usable_fixture,可用于受约束滚动、速度响应和传输研究；不是真实自由滚动语义真值。,low_speed_boundary_1rpm,PASS,600,11.979968,50.000134,0,1.0,3.979968,9.859968,2.98,0,0,0,f383571202836e6f,b7d6474ba25dbade,0.1.17,50,0,871a83f7e1f8e53d0bf56ff7ba4bf166dbf54b4981cca551de0ea10d1976378b
runs/roller-r2-boundary-o1-p002-r01.jsonl,data/05_roller_official/roller-r2-boundary-o1-p002-r01.jsonl,05_roller_official,usable_fixture,可用于受约束滚动、速度响应和传输研究；不是真实自由滚动语义真值。,low_speed_boundary_2rpm,PASS,601,11.999968,50.000133,0,1.0,3.84,9.92,3.0,0,0,0,f383571202836e6f,b7d6474ba25dbade,0.1.17,50,0,05c0ca0b967d52e4697348712c5f8d42ea0997ea13554b09ca90e103c74cc3ba
runs/roller-r2-boundary-o1-p003-r01.jsonl,data/05_roller_official/roller-r2-boundary-o1-p003-r01.jsonl,05_roller_official,usable_fixture,可用于受约束滚动、速度响应和传输研究；不是真实自由滚动语义真值。,low_speed_boundary_3rpm,PASS,601,11.999968,50.000133,0,1.0,3.819968,9.8,3.0,0,0,0,f383571202836e6f,b7d6474ba25dbade,0.1.17,50,0,9e1d9ee1240b64ea79e2f094af896700d4594cf52f94fe8655b732d6d5e37f73
runs/roller-r2-boundary-o1-p005-r01.jsonl,data/05_roller_official/roller-r2-boundary-o1-p005-r01.jsonl,05_roller_official,usable_fixture,可用于受约束滚动、速度响应和传输研究；不是真实自由滚动语义真值。,low_speed_boundary_5rpm,PASS,501,10.0,50.0,0,1.0,3.900032,7.94,3.0,0,0,0,f383571202836e6f,b7d6474ba25dbade,0.1.17,50,0,11509456ae3230bc86fc607150835713234b0499a0da4ca8c6b5581c7aa785e0
runs/roller-r2-boundary-o1-p010-r01.jsonl,data/05_roller_official/roller-r2-boundary-o1-p010-r01.jsonl,05_roller_official,usable_fixture,可用于受约束滚动、速度响应和传输研究；不是真实自由滚动语义真值。,low_speed_boundary_10rpm,PASS,500,9.98,50.0,0,1.0,3.8,7.939968,2.980032,0,0,0,f383571202836e6f,b7d6474ba25dbade,0.1.17,50,0,004f2d62be6ea1c57ada8b19c15f88cdba4c980303a56305c56875e12524f11b
runs/roller-r2-boundary-o1-p015-r01.jsonl,data/05_roller_official/roller-r2-boundary-o1-p015-r01.jsonl,05_roller_official,usable_fixture,可用于受约束滚动、速度响应和传输研究；不是真实自由滚动语义真值。,low_speed_boundary_15rpm,PASS,500,9.979968,50.00016,0,1.0,3.919968,8.28,2.98,0,0,0,f383571202836e6f,b7d6474ba25dbade,0.1.17,50,0,faa1455055bca3ec619d05685d4a7a1faece550948a8877c8cbef86e75d408d8
runs/roller-r2-boundary-o1-p020-r01.jsonl,data/05_roller_official/roller-r2-boundary-o1-p020-r01.jsonl,05_roller_official,usable_fixture,可用于受约束滚动、速度响应和传输研究；不是真实自由滚动语义真值。,low_speed_boundary_20rpm,PASS,501,9.999968,50.00016,0,1.0,3.94,8.259968,2.999968,0,0,0,f383571202836e6f,b7d6474ba25dbade,0.1.17,50,0,58f03bab50d8aad1464c167cb79b40325917f68978fb89d5ee14712411ef1afa
runs/roller-r2-boundary-o1-p135-r01.jsonl,data/05_roller_official/roller-r2-boundary-o1-p135-r01.jsonl,05_roller_official,usable_fixture,可用于受约束滚动、速度响应和传输研究；不是真实自由滚动语义真值。,roller_135rpm_high_boundary,PASS,451,8.999968,50.000178,0,1.0,3.859968,7.639968,3.0,6,0,0,f383571202836e6f,b7d6474ba25dbade,0.1.17,50,0,d1562d16fda7ed96ef4d44153fb44e3b59a23b182e77e38f5ad893d91ef8dd2b
runs/roller-r2-boundary-o1-p150-r01.jsonl,data/05_roller_official/roller-r2-boundary-o1-p150-r01.jsonl,05_roller_official,usable_fixture,可用于受约束滚动、速度响应和传输研究；不是真实自由滚动语义真值。,roller_150rpm_high_boundary,PASS,450,8.980032,49.999822,0,1.0,3.860032,7.380032,2.980128,9,0,0,f383571202836e6f,b7d6474ba25dbade,0.1.17,50,0,2997146bbf24994c071f0964c8a56fb112b08776c12b38bb0c94651889b508b5
runs/roller-r2-boundary-o1-p155-r01.jsonl,data/05_roller_official/roller-r2-boundary-o1-p155-r01.jsonl,05_roller_official,usable_fixture,可用于受约束滚动、速度响应和传输研究；不是真实自由滚动语义真值。,roller_155rpm_high_boundary,PASS,451,8.999968,50.000178,0,1.0,3.82,7.66,3.0,5,0,0,f383571202836e6f,b7d6474ba25dbade,0.1.17,50,0,a334d12dcce0555a9cc6b54acada4509ba96eb65e8f5516391ccc823491151dc
runs/roller-r2-boundary-o1-p165-r01.jsonl,data/05_roller_official/roller-r2-boundary-o1-p165-r01.jsonl,05_roller_official,usable_fixture,可用于受约束滚动、速度响应和传输研究；不是真实自由滚动语义真值。,roller_165rpm_high_boundary,PASS,451,8.999968,50.000178,0,1.0,3.899968,7.32,3.0,10,0,0,f383571202836e6f,b7d6474ba25dbade,0.1.17,50,0,097fd38746b58997807ca418acfefda353809bd50b08ecfcbf466df74d1c7772
runs/roller-r2-boundary-o1-p180-r01.jsonl,data/05_roller_official/roller-r2-boundary-o1-p180-r01.jsonl,05_roller_official,fixture_limit_test,±180 RPM 命令的故意量程边界测试，不能作无削顶幅值真值。,roller_180rpm_high_boundary,PASS,451,9.0,50.0,0,1.0,3.8,7.24,3.0,8,0,10,f383571202836e6f,b7d6474ba25dbade,0.1.17,50,0,e752ef22ced050113ebeefbb93e06e9b52831f2b4d47cb39024f44a3dfa093f6
runs/roller-r3-o1-n060-a000-r01.jsonl,data/05_roller_official/roller-r3-o1-n060-a000-r01.jsonl,05_roller_official,usable_fixture,可用于受约束滚动、速度响应和传输研究；不是真实自由滚动语义真值。,roller_-60rpm_accel000,PASS,551,11.0,50.0,0,1.0,3.82,8.98,3.0,0,0,0,f383571202836e6f,b7d6474ba25dbade,0.1.17,50,0,d7d5204c2c8927f3da78e55e37b1e0ea73aae22bc8028353f941fe75f82baae4
runs/roller-r3-o1-n060-a000-r02.jsonl,data/05_roller_official/roller-r3-o1-n060-a000-r02.jsonl,05_roller_official,usable_fixture,可用于受约束滚动、速度响应和传输研究；不是真实自由滚动语义真值。,roller_-60rpm_accel000,PASS,550,10.980032,49.999854,0,1.0,3.84,8.94,2.999968,2,0,0,f383571202836e6f,b7d6474ba25dbade,0.1.17,50,0,383a8a76c7385b6082b4514a400ab11acedbcc6e1377216ababa95a7a54f8b86
runs/roller-r3-o1-n060-a000-r03.jsonl,data/05_roller_official/roller-r3-o1-n060-a000-r03.jsonl,05_roller_official,usable_fixture,可用于受约束滚动、速度响应和传输研究；不是真实自由滚动语义真值。,roller_-60rpm_accel000,PASS,551,10.999968,50.000145,0,1.0,3.859968,9.179968,3.0,0,0,0,f383571202836e6f,b7d6474ba25dbade,0.1.17,50,0,7cd735173e380f6c28bc63e10fdb6178caec6bae2ad1a7801af9f5677480ed97
runs/roller-r3-o1-n060-a005-r01.jsonl,data/05_roller_official/roller-r3-o1-n060-a005-r01.jsonl,05_roller_official,usable_fixture,可用于受约束滚动、速度响应和传输研究；不是真实自由滚动语义真值。,roller_-60rpm_accel005,PASS,550,10.98,50.0,0,1.0,3.84,8.22,2.980032,2,0,0,f383571202836e6f,b7d6474ba25dbade,0.1.17,50,0,13e9dc7c65263208f85ac46a487d1b4e1f5f3561ab7c9c7d326abd60ccf67a6f
runs/roller-r3-o1-n060-a005-r02.jsonl,data/05_roller_official/roller-r3-o1-n060-a005-r02.jsonl,05_roller_official,usable_fixture,可用于受约束滚动、速度响应和传输研究；不是真实自由滚动语义真值。,roller_-60rpm_accel005,PASS,550,10.98,50.0,0,1.0,3.900032,8.42,2.980064,1,0,0,f383571202836e6f,b7d6474ba25dbade,0.1.17,50,0,02db70bef47705750d4c9b840103b801a0d72d89b416e7342327932f6a5ea396
runs/roller-r3-o1-n060-a005-r03.jsonl,data/05_roller_official/roller-r3-o1-n060-a005-r03.jsonl,05_roller_official,usable_fixture,可用于受约束滚动、速度响应和传输研究；不是真实自由滚动语义真值。,roller_-60rpm_accel005,PASS,551,10.999968,50.000145,0,1.0,3.9,8.279968,2.999968,0,0,0,f383571202836e6f,b7d6474ba25dbade,0.1.17,50,0,9843a1c1dd1a26ed07dbb1ac88a9561f7c1dfcc61e93c0d01b117f54df6e5d61
runs/roller-r3-o1-n060-a020-r01.jsonl,data/05_roller_official/roller-r3-o1-n060-a020-r01.jsonl,05_roller_official,usable_fixture,可用于受约束滚动、速度响应和传输研究；不是真实自由滚动语义真值。,roller_-60rpm_accel020,PASS,551,10.999968,50.000145,0,1.0,3.959968,8.099968,3.0,1,0,0,f383571202836e6f,b7d6474ba25dbade,0.1.17,50,0,a4a9c0620dcf8fc5e58872cc84d009d96980269d8548376aa7092d316b459959
runs/roller-r3-o1-n060-a020-r02.jsonl,data/05_roller_official/roller-r3-o1-n060-a020-r02.jsonl,05_roller_official,usable_fixture,可用于受约束滚动、速度响应和传输研究；不是真实自由滚动语义真值。,roller_-60rpm_accel020,PASS,550,10.98,50.0,0,1.0,3.94,8.12,2.980064,0,0,0,f383571202836e6f,b7d6474ba25dbade,0.1.17,50,0,cbd4b72db76f3c4b20a422f5af89e64c87f22ca5d6e46213e46fb230901465e5
runs/roller-r3-o1-n060-a020-r03.jsonl,data/05_roller_official/roller-r3-o1-n060-a020-r03.jsonl,05_roller_official,usable_fixture,可用于受约束滚动、速度响应和传输研究；不是真实自由滚动语义真值。,roller_-60rpm_accel020,PASS,550,10.979968,50.000146,0,1.0,3.879968,8.2,2.98,0,0,0,f383571202836e6f,b7d6474ba25dbade,0.1.17,50,0,c60de5a79712ffc7341f01103043ff77da1e7ff8ebf55476c499b9b7a39ace84
runs/roller-r3-o1-n060-a080-r01.jsonl,data/05_roller_official/roller-r3-o1-n060-a080-r01.jsonl,05_roller_official,usable_fixture,可用于受约束滚动、速度响应和传输研究；不是真实自由滚动语义真值。,roller_-60rpm_accel080,PASS,550,10.98,50.0,0,1.0,3.84,8.86,2.980032,1,0,0,f383571202836e6f,b7d6474ba25dbade,0.1.17,50,0,44e371454d94b6b77d9e312958b894350cd4543a5542ba10cb3d900c3694f1da
runs/roller-r3-o1-n060-a080-r02.jsonl,data/05_roller_official/roller-r3-o1-n060-a080-r02.jsonl,05_roller_official,usable_fixture,可用于受约束滚动、速度响应和传输研究；不是真实自由滚动语义真值。,roller_-60rpm_accel080,PASS,550,10.98,50.0,0,1.0,3.82,9.08,2.980224,1,0,0,f383571202836e6f,b7d6474ba25dbade,0.1.17,50,0,dd4723f171232b29fadda47acc1d077596a030054277489fa0fa9cc25d099d08
runs/roller-r3-o1-n060-a080-r03.jsonl,data/05_roller_official/roller-r3-o1-n060-a080-r03.jsonl,05_roller_official,usable_fixture,可用于受约束滚动、速度响应和传输研究；不是真实自由滚动语义真值。,roller_-60rpm_accel080,PASS,550,10.979968,50.000146,0,1.0,3.899968,9.119968,2.980352,1,0,0,f383571202836e6f,b7d6474ba25dbade,0.1.17,50,0,35d40f6a12763540945b37f8b54d1840d7c272991e5fcb81e292e061d092e522
runs/roller-r3-o1-p060-a000-r01.jsonl,data/05_roller_official/roller-r3-o1-p060-a000-r01.jsonl,05_roller_official,usable_fixture,可用于受约束滚动、速度响应和传输研究；不是真实自由滚动语义真值。,roller_60rpm_accel000,PASS,551,11.0,50.0,0,1.0,3.84,8.28,3.0,0,0,0,f383571202836e6f,b7d6474ba25dbade,0.1.17,50,0,314f862bbff6bf139b7610b4a3e7011ca8cec2ffb199db848fd607c748a2d49a
runs/roller-r3-o1-p060-a000-r02.jsonl,data/05_roller_official/roller-r3-o1-p060-a000-r02.jsonl,05_roller_official,usable_fixture,可用于受约束滚动、速度响应和传输研究；不是真实自由滚动语义真值。,roller_60rpm_accel000,PASS,550,10.98,50.0,0,1.0,3.84,8.36,2.980032,0,0,0,f383571202836e6f,b7d6474ba25dbade,0.1.17,50,0,fde416ccd3be9015aa053303cd6e9380a2cc7c9986186ea0edb77c928f82abc7
runs/roller-r3-o1-p060-a000-r03.jsonl,data/05_roller_official/roller-r3-o1-p060-a000-r03.jsonl,05_roller_official,usable_fixture,可用于受约束滚动、速度响应和传输研究；不是真实自由滚动语义真值。,roller_60rpm_accel000,PASS,551,10.999968,50.000145,0,1.0,3.94,8.699968,3.0,1,0,0,f383571202836e6f,b7d6474ba25dbade,0.1.17,50,0,376fd4c58238d157985cd050731d8289e73d5066b89e134dac9282f58e875c7d
runs/roller-r3-o1-p060-a005-r01.jsonl,data/05_roller_official/roller-r3-o1-p060-a005-r01.jsonl,05_roller_official,usable_fixture,可用于受约束滚动、速度响应和传输研究；不是真实自由滚动语义真值。,roller_60rpm_accel005,PASS,551,11.0,50.0,0,1.0,3.88,8.140032,3.0,0,0,0,f383571202836e6f,b7d6474ba25dbade,0.1.17,50,0,05e896f97cfa15fae782df6db731352d1efacdb35c6c10f550aaf4ab68349238
runs/roller-r3-o1-p060-a005-r02.jsonl,data/05_roller_official/roller-r3-o1-p060-a005-r02.jsonl,05_roller_official,usable_fixture,可用于受约束滚动、速度响应和传输研究；不是真实自由滚动语义真值。,roller_60rpm_accel005,PASS,550,10.979968,50.000146,0,1.0,3.88,8.28,2.98,0,0,0,f383571202836e6f,b7d6474ba25dbade,0.1.17,50,0,fbdc5461ae2cbbcaeec3946c6fb244f77fc4053dfd101df677effd3b137d62a1
runs/roller-r3-o1-p060-a005-r03.jsonl,data/05_roller_official/roller-r3-o1-p060-a005-r03.jsonl,05_roller_official,usable_fixture,可用于受约束滚动、速度响应和传输研究；不是真实自由滚动语义真值。,roller_60rpm_accel005,PASS,550,10.979968,50.000146,0,1.0,3.88,8.039968,2.98,0,0,0,f383571202836e6f,b7d6474ba25dbade,0.1.17,50,0,3e28beaefca22781ec04445ecc071ca4daabb256dda32bf731166286a537ea8b
runs/roller-r3-o1-p060-a020-r01.jsonl,data/05_roller_official/roller-r3-o1-p060-a020-r01.jsonl,05_roller_official,usable_fixture,可用于受约束滚动、速度响应和传输研究；不是真实自由滚动语义真值。,roller_60rpm_accel020,PASS,550,10.98,50.0,0,1.0,3.84,8.32,2.980096,0,0,0,f383571202836e6f,b7d6474ba25dbade,0.1.17,50,0,36f21a6429128e81512523bd40a63a7a55694211015e2aac5d68c7ed56f182a3
runs/roller-r3-o1-p060-a020-r02.jsonl,data/05_roller_official/roller-r3-o1-p060-a020-r02.jsonl,05_roller_official,usable_fixture,可用于受约束滚动、速度响应和传输研究；不是真实自由滚动语义真值。,roller_60rpm_accel020,PASS,550,10.980032,49.999854,0,1.0,3.899968,8.38,2.980288,0,0,0,f383571202836e6f,b7d6474ba25dbade,0.1.17,50,0,ad78b9ce6894e248c4c16123ca05b770ea16e302086b03ceb344d8c0fb421a35
runs/roller-r3-o1-p060-a020-r03.jsonl,data/05_roller_official/roller-r3-o1-p060-a020-r03.jsonl,05_roller_official,usable_fixture,可用于受约束滚动、速度响应和传输研究；不是真实自由滚动语义真值。,roller_60rpm_accel020,PASS,551,10.999968,50.000145,0,1.0,3.899936,8.139936,2.999968,0,0,0,f383571202836e6f,b7d6474ba25dbade,0.1.17,50,0,b55e8c5056710f143e396b9177107ffb08b16d52ccdb4309c94e30eaebd1c292
runs/roller-r3-o1-p060-a080-r01.jsonl,data/05_roller_official/roller-r3-o1-p060-a080-r01.jsonl,05_roller_official,usable_fixture,可用于受约束滚动、速度响应和传输研究；不是真实自由滚动语义真值。,roller_60rpm_accel080,PASS,550,10.979968,50.000146,0,1.0,3.879968,8.1,2.980288,0,0,0,f383571202836e6f,b7d6474ba25dbade,0.1.17,50,0,1f89f61d5ed7ca29ea6dbc0385c1fc42ae844e1eba1897ec202706fe28f04ac6
runs/roller-r3-o1-p060-a080-r02.jsonl,data/05_roller_official/roller-r3-o1-p060-a080-r02.jsonl,05_roller_official,usable_fixture,可用于受约束滚动、速度响应和传输研究；不是真实自由滚动语义真值。,roller_60rpm_accel080,PASS,550,10.98,50.0,0,1.0,3.859968,8.44,2.980064,0,0,0,f383571202836e6f,b7d6474ba25dbade,0.1.17,50,0,6b2beff9c5af0ffeee8aba22c9cb0e97c2787938b5ca9e98a7767e0729bcc412
runs/roller-r3-o1-p060-a080-r03.jsonl,data/05_roller_official/roller-r3-o1-p060-a080-r03.jsonl,05_roller_official,usable_fixture,可用于受约束滚动、速度响应和传输研究；不是真实自由滚动语义真值。,roller_60rpm_accel080,PASS,551,10.999968,50.000145,0,1.0,3.919968,8.279968,3.0,0,0,0,f383571202836e6f,b7d6474ba25dbade,0.1.17,50,0,1c817444e268e71457cd010d943426f19f0830b6b319ade715a3ceac4cbcdc28
runs/roller-r4-o1-n060-d000-r01.jsonl,data/05_roller_official/roller-r4-o1-n060-d000-r01.jsonl,05_roller_official,usable_fixture,可用于受约束滚动、速度响应和传输研究；不是真实自由滚动语义真值。,roller_-60rpm_decel000,PASS,601,11.999968,50.000133,0,1.0,3.86,8.479968,3.0,0,0,0,f383571202836e6f,b7d6474ba25dbade,0.1.17,50,0,5ecdb827c47d5826fe9043e3da1a4092d6d11a7364f0e658b921d8ad4b3a3640
runs/roller-r4-o1-n060-d005-r01.jsonl,data/05_roller_official/roller-r4-o1-n060-d005-r01.jsonl,05_roller_official,usable_fixture,可用于受约束滚动、速度响应和传输研究；不是真实自由滚动语义真值。,roller_-60rpm_decel005,PASS,600,11.980032,49.999866,0,1.0,3.88,8.62,2.980192,3,0,0,f383571202836e6f,b7d6474ba25dbade,0.1.17,50,0,bf6e46b3f79f0a8596432b32ff5b8b53751dc476701db427e31e50df1b107870
runs/roller-r4-o1-n060-d020-r01.jsonl,data/05_roller_official/roller-r4-o1-n060-d020-r01.jsonl,05_roller_official,usable_fixture,可用于受约束滚动、速度响应和传输研究；不是真实自由滚动语义真值。,roller_-60rpm_decel020,PASS,601,11.999968,50.000133,0,1.0,3.88,8.58,3.0,0,0,0,f383571202836e6f,b7d6474ba25dbade,0.1.17,50,0,4750076405806247aaa6e689f5f598bb32473b120942b0670d751e997fbc38a4
runs/roller-r4-o1-n060-d080-r01.jsonl,data/05_roller_official/roller-r4-o1-n060-d080-r01.jsonl,05_roller_official,usable_fixture,可用于受约束滚动、速度响应和传输研究；不是真实自由滚动语义真值。,roller_-60rpm_decel080,PASS,600,11.98,50.0,0,1.0,3.9,8.94,2.98032,1,0,0,f383571202836e6f,b7d6474ba25dbade,0.1.17,50,0,75aafa364775474e0f74106614893e14fc929699145902788623f28e3706301e
runs/roller-r4-o1-n120-d005-r01.jsonl,data/05_roller_official/roller-r4-o1-n120-d005-r01.jsonl,05_roller_official,usable_fixture,可用于受约束滚动、速度响应和传输研究；不是真实自由滚动语义真值。,roller_-120rpm_decel005,PASS,650,12.98,50.0,0,1.0,3.880032,9.400032,2.980032,7,0,0,f383571202836e6f,b7d6474ba25dbade,0.1.17,50,0,fb46d002bd2c4fcc4945a190846237a8559ba5e35728c6ee0a78844a78b8786c
runs/roller-r4-o1-n120-d080-r01.jsonl,data/05_roller_official/roller-r4-o1-n120-d080-r01.jsonl,05_roller_official,usable_fixture,可用于受约束滚动、速度响应和传输研究；不是真实自由滚动语义真值。,roller_-120rpm_decel080,PASS,650,12.98,50.0,0,1.0,3.88,9.18,2.980032,6,0,0,f383571202836e6f,b7d6474ba25dbade,0.1.17,50,0,078befac012560094c61fbde78b5d1895b297c66bb0516c9a0f64ab7f8c474ca
runs/roller-r4-o1-p030-d005-r01.jsonl,data/05_roller_official/roller-r4-o1-p030-d005-r01.jsonl,05_roller_official,usable_fixture,可用于受约束滚动、速度响应和传输研究；不是真实自由滚动语义真值。,roller_30rpm_decel005,PASS,600,11.980032,49.999866,0,1.0,3.820032,8.26,2.980032,0,0,0,f383571202836e6f,b7d6474ba25dbade,0.1.17,50,0,96434f0392d27f258f54cb4c3365a6ebbc9013791e6e74c1624e7e417d1d3598
runs/roller-r4-o1-p060-d000-r01.jsonl,data/05_roller_official/roller-r4-o1-p060-d000-r01.jsonl,05_roller_official,usable_fixture,可用于受约束滚动、速度响应和传输研究；不是真实自由滚动语义真值。,roller_60rpm_decel000,PASS,600,11.980032,49.999866,0,1.0,3.92,8.120032,2.980032,0,0,0,f383571202836e6f,b7d6474ba25dbade,0.1.17,50,0,f7079b4b0ea7eec37f58f473d178faa3e034a6bf9af9c39e21d0713386b5b26c
runs/roller-r4-o1-p060-d005-r01.jsonl,data/05_roller_official/roller-r4-o1-p060-d005-r01.jsonl,05_roller_official,usable_fixture,可用于受约束滚动、速度响应和传输研究；不是真实自由滚动语义真值。,roller_60rpm_decel005,PASS,600,11.980032,49.999866,0,1.0,3.860032,8.88,2.980032,1,0,0,f383571202836e6f,b7d6474ba25dbade,0.1.17,50,0,740820c1588166bd95315c829850d976501885a89b40895ff71e7730d6d2ff28
runs/roller-r4-o1-p060-d020-r01.jsonl,data/05_roller_official/roller-r4-o1-p060-d020-r01.jsonl,05_roller_official,usable_fixture,可用于受约束滚动、速度响应和传输研究；不是真实自由滚动语义真值。,roller_60rpm_decel020,PASS,600,11.98,50.0,0,1.0,3.84,8.72,2.980032,0,0,0,f383571202836e6f,b7d6474ba25dbade,0.1.17,50,0,acb978824868b2fad9d34ef10372a07383a2ae26ddb537a92cf01c6446c98e7c
runs/roller-r4-o1-p060-d080-r01.jsonl,data/05_roller_official/roller-r4-o1-p060-d080-r01.jsonl,05_roller_official,usable_fixture,可用于受约束滚动、速度响应和传输研究；不是真实自由滚动语义真值。,roller_60rpm_decel080,PASS,600,11.98,50.0,0,1.0,3.899968,8.439968,2.98,0,0,0,f383571202836e6f,b7d6474ba25dbade,0.1.17,50,0,de440cfc54552df25480804a05b4198951c3025e27cf981be9d6cfde29b25fcf
runs/roller-r4-o1-p120-d005-r01.jsonl,data/05_roller_official/roller-r4-o1-p120-d005-r01.jsonl,05_roller_official,usable_fixture,可用于受约束滚动、速度响应和传输研究；不是真实自由滚动语义真值。,roller_120rpm_decel005,PASS,650,12.98,50.0,0,1.0,3.839968,9.379968,2.98,6,0,0,f383571202836e6f,b7d6474ba25dbade,0.1.17,50,0,b11af9aacb4ebf51191d688d0a2aee3a46ae0e638a1a3443733814fc1568d88a
runs/roller-r4-o1-p120-d080-r01.jsonl,data/05_roller_official/roller-r4-o1-p120-d080-r01.jsonl,05_roller_official,usable_fixture,可用于受约束滚动、速度响应和传输研究；不是真实自由滚动语义真值。,roller_120rpm_decel080,PASS,650,12.979968,50.000123,0,1.0,3.899968,9.159968,2.98,1,0,0,f383571202836e6f,b7d6474ba25dbade,0.1.17,50,0,5c4197a909e7b7fbefe783deb9c70c190a8e0a29cd0275c4284221265e566f1e
runs/roller-r5-o1-n120-long10-r01.jsonl,data/05_roller_official/roller-r5-o1-n120-long10-r01.jsonl,05_roller_official,usable_fixture,可用于受约束滚动、速度响应和传输研究；不是真实自由滚动语义真值。,roller_-120rpm_long10,PASS,750,14.980032,49.999893,0,1.0,2.84,13.46,2.0,14,0,0,f383571202836e6f,b7d6474ba25dbade,0.1.17,50,0,8141274236d3863164ea60204027de33a23d3d0feadc9d01da8077c877723b7c
runs/roller-r5-o1-n60-long10-r01.jsonl,data/05_roller_official/roller-r5-o1-n60-long10-r01.jsonl,05_roller_official,usable_fixture,可用于受约束滚动、速度响应和传输研究；不是真实自由滚动语义真值。,roller_-60rpm_long10,PASS,750,14.98,50.0,0,1.0,2.839968,13.56,1.980224,2,0,0,f383571202836e6f,b7d6474ba25dbade,0.1.17,50,0,8eef3df1cecb9b223fb6e250c76192fd5f97a9be6aa56410b7e2499c84364515
runs/roller-r5-o1-p120-long10-r01.jsonl,data/05_roller_official/roller-r5-o1-p120-long10-r01.jsonl,05_roller_official,usable_fixture,可用于受约束滚动、速度响应和传输研究；不是真实自由滚动语义真值。,roller_120rpm_long10,PASS,750,14.979936,50.000214,0,1.0,2.880032,13.140032,1.980032,10,0,0,f383571202836e6f,b7d6474ba25dbade,0.1.17,50,0,6a121389c73a91cadc742032193cc7156d01eb6abcb8a53f0fcd85c3d9984f2c
runs/roller-r5-o1-p60-long10-r01.jsonl,data/05_roller_official/roller-r5-o1-p60-long10-r01.jsonl,05_roller_official,usable_fixture,可用于受约束滚动、速度响应和传输研究；不是真实自由滚动语义真值。,roller_60rpm_long10,PASS,750,14.98,50.0,0,1.0,2.86,13.259968,1.98,2,0,0,f383571202836e6f,b7d6474ba25dbade,0.1.17,50,0,f5fecde4fac098082626ab56b4f1d56c48a90be10992c691a2fdcf00f5e455e3
runs/tag-labelled-workflow-v0.1.5.jsonl,data/01_early_firmware_and_motion_tests/tag-labelled-workflow-v0.1.5.jsonl,01_early_firmware_and_motion_tests,legacy_exploratory,早期固件/动作探索；标签、窗口和同步规则随固件版本变化。,stationary,legacy_no_result_record,64,1.260352,49.986036,0,1.0,,,,0,0,0,f383571202836e6f,863abe5c8af31e69,0.1.5,,0,6d249cbae65ad6abafce2642eed96851e2174395172d8d635ad6eccbe7fa7248
runs/tag-postconfirm-v0.1.5.jsonl,data/01_early_firmware_and_motion_tests/tag-postconfirm-v0.1.5.jsonl,01_early_firmware_and_motion_tests,legacy_exploratory,早期固件/动作探索；标签、窗口和同步规则随固件版本变化。,,legacy_no_result_record,64,1.26016,49.993652,0,1.0,,,,0,0,0,f383571202836e6f,863abe5c8af31e69,0.1.5,,0,362d1be7ba45337c187ddf86e9cfdd7a93a28ea60cb5d3406e661b505f80ca07
runs/tag-stationary-v0.1.11-battery-idle-diagnostic.jsonl,data/01_early_firmware_and_motion_tests/tag-stationary-v0.1.11-battery-idle-diagnostic.jsonl,01_early_firmware_and_motion_tests,legacy_exploratory,早期固件/动作探索；标签、窗口和同步规则随固件版本变化。,stationary,legacy_no_result_record,1024,20.460064,49.999844,0,1.0,,,,0,0,0,f383571202836e6f,fa891facf20a5a30,0.1.11,50,0,7ef238d7039c2e57d257cde69ea44ed0523a80c6f44a1b0828c2291b3b94880d
runs/tag-stationary-v0.1.2.jsonl,data/01_early_firmware_and_motion_tests/tag-stationary-v0.1.2.jsonl,01_early_firmware_and_motion_tests,legacy_exploratory,早期固件/动作探索；标签、窗口和同步规则随固件版本变化。,,legacy_no_result_record,10,6.876576,1.308791,78,1.0,,,,0,0,0,f383571202836e6f,494536d972b66f97,0.1.2,,0,3b1e0b3a7b73f74edb12a333737d0acfaf828db19b401d5067b2c4715b22cbf4
runs/tag-stationary-v0.1.6-host-audit.jsonl,data/01_early_firmware_and_motion_tests/tag-stationary-v0.1.6-host-audit.jsonl,01_early_firmware_and_motion_tests,legacy_exploratory,早期固件/动作探索；标签、窗口和同步规则随固件版本变化。,stationary,legacy_no_result_record,64,1.26,50.0,0,1.0,,,,0,0,0,f383571202836e6f,9dc0a61c80a7b522,0.1.6,50,0,96d452c7c31c37cc496364a7bb5a6e53b7dcf03bea41734371f1aead07d7589b
runs/tag-stationary-v0.1.6-interactive-retry-smoke.jsonl,data/01_early_firmware_and_motion_tests/tag-stationary-v0.1.6-interactive-retry-smoke.jsonl,01_early_firmware_and_motion_tests,legacy_exploratory,早期固件/动作探索；标签、窗口和同步规则随固件版本变化。,stationary,legacy_no_result_record,1351,27.000032,49.999941,0,1.0,,,,0,0,0,f383571202836e6f,9dc0a61c80a7b522,0.1.6,50,0,25a6f68c00823eccd540fb7bb9614657c78e0cfb706ccffda9aec6f59ba8fa62
runs/tag-stationary-v0.1.6-interactive-smoke.jsonl,data/01_early_firmware_and_motion_tests/tag-stationary-v0.1.6-interactive-smoke.jsonl,01_early_firmware_and_motion_tests,legacy_exploratory,早期固件/动作探索；标签、窗口和同步规则随固件版本变化。,stationary,legacy_no_result_record,257,5.12,50.0,0,1.0,,,,0,0,0,f383571202836e6f,9dc0a61c80a7b522,0.1.6,50,0,4f022fb7bb6bdae9abe20e5446a155f5ee095c4ad78505cd9d84526fbe2f97b3
runs/tag-stationary-v0.1.6-post-confirm.jsonl,data/01_early_firmware_and_motion_tests/tag-stationary-v0.1.6-post-confirm.jsonl,01_early_firmware_and_motion_tests,legacy_exploratory,早期固件/动作探索；标签、窗口和同步规则随固件版本变化。,stationary,legacy_no_result_record,64,1.26,50.0,0,1.0,,,,0,0,0,f383571202836e6f,9dc0a61c80a7b522,0.1.6,50,0,2e0158d0d002f627d3cbe5002db956e696e026569aed43affd6d17c397de3195
runs/tag-stationary-v0.1.6-test.jsonl,data/01_early_firmware_and_motion_tests/tag-stationary-v0.1.6-test.jsonl,01_early_firmware_and_motion_tests,legacy_exploratory,早期固件/动作探索；标签、窗口和同步规则随固件版本变化。,stationary,legacy_no_result_record,170,3.380032,49.999527,0,1.0,,,,0,0,0,f383571202836e6f,702f4c815bd31476,0.1.6,50,0,53258c8c578f929f0bff5b9f304b4cbaf4a8f2dccf97b5c35ebb0e9168e39592
runs/tag-stationary-v0.1.6-wait-check.jsonl,data/01_early_firmware_and_motion_tests/tag-stationary-v0.1.6-wait-check.jsonl,01_early_firmware_and_motion_tests,legacy_exploratory,早期固件/动作探索；标签、窗口和同步规则随固件版本变化。,stationary_wait,legacy_no_result_record,64,1.26,50.0,0,1.0,,,,0,0,0,f383571202836e6f,9dc0a61c80a7b522,0.1.6,50,0,0877538eae504105471b13b8b45f9f41bbf431b341c858f8c4f23e867e61dccb
runs/tag-stationary-v0.1.7-post-confirm-frozen.jsonl,data/01_early_firmware_and_motion_tests/tag-stationary-v0.1.7-post-confirm-frozen.jsonl,01_early_firmware_and_motion_tests,legacy_exploratory,早期固件/动作探索；标签、窗口和同步规则随固件版本变化。,stationary,legacy_no_result_record,1024,20.460064,49.999844,0,1.0,,,,0,0,0,f383571202836e6f,294a1c9179a35e1d,0.1.7,50,0,b5efe934a2fbfddd47a700c59d5805a18326c763e4a36a57bd2f43e59e99ed47
runs/tag-stationary-v0.1.7-post-handling-002-frozen.jsonl,data/01_early_firmware_and_motion_tests/tag-stationary-v0.1.7-post-handling-002-frozen.jsonl,01_early_firmware_and_motion_tests,legacy_exploratory,早期固件/动作探索；标签、窗口和同步规则随固件版本变化。,stationary,legacy_no_result_record,1024,20.46,50.0,0,1.0,,,,0,0,0,f383571202836e6f,294a1c9179a35e1d,0.1.7,50,0,bd2af6c3bf66bc0323de31ee8e7fe03a514486d8d103b736ca50c7b7388cca60
runs/tag-stationary-v0.1.7-test-frozen.jsonl,data/01_early_firmware_and_motion_tests/tag-stationary-v0.1.7-test-frozen.jsonl,01_early_firmware_and_motion_tests,legacy_exploratory,早期固件/动作探索；标签、窗口和同步规则随固件版本变化。,stationary,legacy_no_result_record,1024,20.460032,49.999922,0,1.0,,,,0,0,0,f383571202836e6f,c78aaac243d72244,0.1.7,50,0,5a7d862bef12b456d7f45667ed5cb31f533e9ae5b6817a10b9c54e56a8276657
runs/tag-stationary-v0.1.7-test-window.jsonl,data/01_early_firmware_and_motion_tests/tag-stationary-v0.1.7-test-window.jsonl,01_early_firmware_and_motion_tests,legacy_exploratory,早期固件/动作探索；标签、窗口和同步规则随固件版本变化。,stationary,legacy_no_result_record,163,3.240032,49.999506,0,1.0,,,,0,0,0,f383571202836e6f,c78aaac243d72244,0.1.7,50,0,c0865dccc3ad941afb3d65c309c4719747b26c02703e9f1057108cbf6b8df5e5
runs/tag-stationary-v0.1.7-tilted-003-frozen.jsonl,data/01_early_firmware_and_motion_tests/tag-stationary-v0.1.7-tilted-003-frozen.jsonl,01_early_firmware_and_motion_tests,legacy_exploratory,早期固件/动作探索；标签、窗口和同步规则随固件版本变化。,stationary,legacy_no_result_record,1024,20.46,50.0,0,1.0,,,,0,0,0,f383571202836e6f,294a1c9179a35e1d,0.1.7,50,0,011031529f6a2fc39fbdb118bf205f5114963be2f7e9a3b027abee113ce900a2
runs/tag-stationary-v0.1.8-test-research-frozen.jsonl,data/01_early_firmware_and_motion_tests/tag-stationary-v0.1.8-test-research-frozen.jsonl,01_early_firmware_and_motion_tests,legacy_exploratory,早期固件/动作探索；标签、窗口和同步规则随固件版本变化。,stationary,legacy_no_result_record,1024,20.460064,49.999844,0,1.0,,,,0,0,0,f383571202836e6f,93b8fa391fb100a0,0.1.8,50,0,b549c453d8bc502ae3d519a9ff6e4bd2c67f890fe4b5106408dc7c40c2e65b4d
runs/tag-stationary-v0.1.9-battery-swd-frozen.jsonl,data/01_early_firmware_and_motion_tests/tag-stationary-v0.1.9-battery-swd-frozen.jsonl,01_early_firmware_and_motion_tests,legacy_exploratory,早期固件/动作探索；标签、窗口和同步规则随固件版本变化。,stationary,legacy_no_result_record,1024,20.46,50.0,0,1.0,,,,0,0,0,f383571202836e6f,e43db953104a376a,0.1.9,50,0,bfcaf5395038e50a352c9e8d8f014049eca3b62185eff467148c5fde92a57ebe
runs/tag-stationary-v0.1.9-test-research-frozen.jsonl,data/01_early_firmware_and_motion_tests/tag-stationary-v0.1.9-test-research-frozen.jsonl,01_early_firmware_and_motion_tests,legacy_exploratory,早期固件/动作探索；标签、窗口和同步规则随固件版本变化。,stationary,legacy_no_result_record,1024,20.46,50.0,0,1.0,,,,0,0,0,f383571202836e6f,ef985d0c95f984b8,0.1.9,50,0,1653ebbf7122aa143f61f36baa3f6d4f4ab1732e5ac5bccc15e8b0379b18f594
runs/tag-stationary-window-v0.1.3.jsonl,data/01_early_firmware_and_motion_tests/tag-stationary-window-v0.1.3.jsonl,01_early_firmware_and_motion_tests,legacy_exploratory,早期固件/动作探索；标签、窗口和同步规则随固件版本变化。,,legacy_no_result_record,88,6.801088,12.792071,0,1.0,,,,0,0,0,f383571202836e6f,bb1ac212137419e3,0.1.3,,0,53016db9142465794b66c85464bcde22c40b59ece70f197ec5a53f52a961a742
runs/tag-stationary-window-v0.1.4-test.jsonl,data/01_early_firmware_and_motion_tests/tag-stationary-window-v0.1.4-test.jsonl,01_early_firmware_and_motion_tests,legacy_exploratory,早期固件/动作探索；标签、窗口和同步规则随固件版本变化。,,legacy_no_result_record,145,3.244896,44.377385,0,1.0,,,,0,0,0,f383571202836e6f,ef8989aef9266bd2,0.1.4,,0,8f32f35bb9e7b272bf7f55f74af53c4872d4749a230069a762965521423119cb
runs/tag-stationary-window-v0.1.5-test.jsonl,data/01_early_firmware_and_motion_tests/tag-stationary-window-v0.1.5-test.jsonl,01_early_firmware_and_motion_tests,legacy_exploratory,早期固件/动作探索；标签、窗口和同步规则随固件版本变化。,,legacy_no_result_record,154,3.06,50.0,0,1.0,,,,0,0,0,f383571202836e6f,008bd481b00e99ce,0.1.5,,0,9c973df0963068810ac77059a92f2e8775a88b65f2198a416c6bd02824466bfc
runs/tag-wake-v0.1.11-battery-auto-frozen.jsonl,data/01_early_firmware_and_motion_tests/tag-wake-v0.1.11-battery-auto-frozen.jsonl,01_early_firmware_and_motion_tests,legacy_exploratory,早期固件/动作探索；标签、窗口和同步规则随固件版本变化。,handling,legacy_no_result_record,1024,20.46,50.0,0,1.0,,,,0,0,0,f383571202836e6f,fa891facf20a5a30,0.1.11,50,0,17012a737eb38d79107cc725a43d9f51394bd0ac1b6afe6787e978d8687f60df
runs/tag-wake-v0.1.9-test-auto-frozen.jsonl,data/01_early_firmware_and_motion_tests/tag-wake-v0.1.9-test-auto-frozen.jsonl,01_early_firmware_and_motion_tests,legacy_exploratory,早期固件/动作探索；标签、窗口和同步规则随固件版本变化。,handling,legacy_no_result_record,792,15.815584,50.013961,0,1.0,0.015584,7.635616,,17,0,0,f383571202836e6f,ef985d0c95f984b8,0.1.9,50,0,9a907a105a770f6c417ed9c792480141c625d599191cdf749dd73d028d50a7b7
